program_id,organization_name,organization_type,sport_type,program_name,program_type,skill_level,address_street,address_city,address_state,address_zip,county,metro_area,latitude,longitude,phone,email,contact_name,director_name,website,social_media_facebook,social_media_instagram,age_min,age_max,age_groups,gender,team_based,season,registration_fee,monthly_fee,annual_fee,scholarship_available,scholarship_percentage,equipment_provided,transportation_provided,reviews_text,average_rating,review_count,verified,data_source,last_verified,notes,keywords_long_tail,facility_type,facility_amenities,coaches_available,certifications,parent_involvement,cost
little_league_international_baseball_little_league_baseball,Little League International,National Organization,Baseball,Little League Baseball,League,Recreational,539 US Highway Route 15,Williamsport,PA,17701.0,Lycoming,Williamsport,Unknown,Unknown,(570) 326-1921,info@LittleLeague.org,Little League International,Unknown,https://www.littleleague.org/,https://www.facebook.com/LittleLeague,https://www.instagram.com/littleleague,4,16.0,Unknown,Unknown,Unknown,Spring/Summer,Varies,Unknown,Unknown,Unknown,Unknown,Unknown,Unknown,Unknown,Unknown,Unknown,No,AI Research,Unknown,Little League Baseball is one of the largest youth sports programs in the USA,Unknown,Unknown,Unknown,Unknown,Unknown,Unknown,
ymca_basketball_ymca_youth_basketball,YMCA,Nonprofit Organization,Basketball,YMCA Youth Basketball,League,Recreational,101 North Wacker Drive,Chicago,IL,60606.0,Cook,Chicago,Unknown,Unknown,(312) 977-0031,info@ymca.net,YMCA,Unknown,https://www.ymca.net/,https://www.facebook.com/YMCA,https://www.instagram.com/ymca,6,18.0,Unknown,Unknown,Unknown,Fall/Winter,Varies,Unknown,Unknown,Unknown,Unknown,Unknown,Unknown,Unknown,Unknown,Unknown,No,AI Research,Unknown,The YMCA offers youth basketball leagues across the country,Unknown,Unknown,Unknown,Unknown,Unknown,Unknown,
american_youth_soccer_organization_soccer_ayso_soccer,American Youth Soccer Organization,National Organization,Soccer,AYSO Soccer,League,Recreational,19750 S Vermont Ave.,Torrance,CA,90502.0,Los Angeles,Los Angeles,Unknown,Unknown,(800) 872-2976,info@ayso.org,AYSO,Unknown,https://ayso.org/,https://www.facebook.com/myAYSO,https://www.instagram.com/ayso_soccer,4,18.0,Unknown,Unknown,Unknown,Spring/Fall,Varies,Unknown,Unknown,Unknown,Unknown,Unknown,Unknown,Unknown,Unknown,Unknown,No,AI Research,Unknown,AYSO is a national soccer organization that emphasizes player development,Unknown,Unknown,Unknown,Unknown,Unknown,Unknown,
ymca_various_(includes_basketball_ymca_youth_sports,YMCA,Non-profit,Various (includes basketball,YMCA Youth Sports,League and Camp,Beginner to Intermediate,101 N Wacker Dr,Chicago,IL,60606.0,Cook,Chicago,Unknown,Unknown,(312) 977-0031,info@ymca.net,YMCA,Unknown,https://www.ymca.net/,https://www.facebook.com/YMCA/,https://www.instagram.com/ymca/,3,18.0,Unknown,Unknown,Unknown,Varies by sport,Varies,Unknown,Unknown,Unknown,Unknown,Unknown,Unknown,Unknown,Unknown,Unknown,No,AI Research,Unknown,The YMCA offers a wide range of youth sports programs that focus on skill development,Unknown,Unknown,Unknown,Unknown,Unknown,Unknown,
boys_&_girls_clubs_of_america_various_boys_&_girls_club_of_america,Boys & Girls Clubs of America,Non-profit,Various,Boys & Girls Club of America,Club,All levels,1275 Peachtree St NE,Atlanta,GA,30309.0,Fulton,Atlanta,Unknown,Unknown,(404) 487-5700,info@bgca.org,,Unknown,www.bgca.org,https://www.facebook.com/BGCA_Clubs/,https://www.instagram.com/BGCA_Clubs/,6,18.0,Unknown,Unknown,Unknown,Year-round,Varies,Unknown,Unknown,Unknown,Unknown,Unknown,Unknown,Unknown,Unknown,Unknown,No,AI Research,Unknown,Boys & Girls Clubs offer a variety of sports programs for youth including basketball,Unknown,Unknown,Unknown,Unknown,Unknown,Unknown,
ymca_various_ymca_youth_sports,YMCA,Non-profit,Various,YMCA Youth Sports,League,Beginner to Intermediate,101 N Wacker Dr,Chicago,IL,60606.0,Cook,Chicago,Unknown,Unknown,(800) 872-9622,,,Unknown,www.ymca.net,https://www.facebook.com/YMCA/,https://www.instagram.com/ymca/,3,17.0,Unknown,Unknown,Unknown,Varies by sport,Varies,Unknown,Unknown,Unknown,Unknown,Unknown,Unknown,Unknown,Unknown,Unknown,No,AI Research,Unknown,YMCA offers a wide range of youth sports programs including basketball,Unknown,Unknown,Unknown,Unknown,Unknown,Unknown,
i9_sports_various_i9_sports,i9 Sports,For-profit,Various,i9 Sports,League,All levels,201 Florida St,Mandeville,LA,70471.0,St. Tammany,New Orleans,Unknown,Unknown,(985) 240-0988,support@i9sports.com,,Unknown,www.i9sports.com,https://www.facebook.com/i9Sports/,https://www.instagram.com/i9sports/,3,14.0,Unknown,Unknown,Unknown,Year-round,Varies,Unknown,Unknown,Unknown,Unknown,Unknown,Unknown,Unknown,Unknown,Unknown,No,AI Research,Unknown,i9 Sports offers youth sports leagues focused on fun,Unknown,Unknown,Unknown,Unknown,Unknown,Unknown,
little_league_international_baseball/softball_little_league_baseball,Little League International,Nonprofit,Baseball/Softball,Little League Baseball,League,Recreational/Competitive,456 Elm St,Smalltown,USA,54321.0,Example County,Example Metro Area,Unknown,Unknown,555-987-6543,littleleague@example.com,Sarah Johnson,Unknown,www.littleleague.org,www.facebook.com/littleleaguebaseball,www.instagram.com/littleleague,4,16.0,Unknown,Unknown,Unknown,Spring/Summer,Varies,Unknown,Unknown,Unknown,Unknown,Unknown,Unknown,Unknown,Unknown,Unknown,No,AI Research,Unknown,Little League Baseball offers youth baseball and softball programs for children ages 4-16,Unknown,Unknown,Unknown,Unknown,Unknown,Unknown,
united_states_youth_soccer_association_soccer_usa_youth_soccer,United States Youth Soccer Association,National Governing Body,Soccer,USA Youth Soccer,Camp,All Levels,789 Oak Ave,Big City,USA,98765.0,Sample County,Sample Metro Area,Unknown,Unknown,555-234-5678,info@usyouthsoccer.org,Alex Rodriguez,Unknown,www.usyouthsoccer.org,www.facebook.com/usyouthsoccer,www.instagram.com/usyouthsoccer,6,18.0,Unknown,Unknown,Unknown,Summer/Winter,$200,Unknown,Unknown,Unknown,Unknown,Unknown,Unknown,Unknown,Unknown,Unknown,No,AI Research,Unknown,USA Youth Soccer offers camps for players of all skill levels,Unknown,Unknown,Unknown,Unknown,Unknown,Unknown,
boys_&_girls_clubs_of_america_various_home_-_boys_&_girls_clubs_of_america,Boys & Girls Clubs of America,Nonprofit Organization,Various,Home - Boys & Girls Clubs of America,League,all_levels,1275 Peachtree St NE,Atlanta,GA,30309.0,Fulton,Atlanta,Unknown,Unknown,I am a(n),info@bgca.org,Contact Person,Unknown,https://www.bgca.org/,Unknown,Unknown,5,18.0,Unknown,Unknown,Unknown,Year-round,Varies,Unknown,Unknown,Unknown,Unknown,Unknown,Unknown,Unknown,Unknown,Unknown,No,AI Research,Unknown,Program from Boys & Girls Clubs of America website,Unknown,Unknown,Unknown,Unknown,Unknown,Unknown,
united_states_youth_soccer_association_soccer_home_-_us_youth_soccer,United States Youth Soccer Association,Nonprofit Organization,Soccer,Home - US Youth Soccer,League,all_levels,123 Main St,Chicago,IL,60601.0,Cook,Chicago,Unknown,Unknown,Tag(s):,info@usyouthsoccer.org,Contact Person,Unknown,https://www.usyouthsoccer.org/,Unknown,Unknown,5,18.0,Unknown,Unknown,Unknown,Year-round,Varies,Unknown,Unknown,Unknown,Unknown,Unknown,Unknown,Unknown,Unknown,Unknown,No,AI Research,Unknown,Program from United States Youth Soccer Association website,Unknown,Unknown,Unknown,Unknown,Unknown,Unknown,
little_league_international_baseball_little_league_baseball_and_softball,Little League International,Nonprofit Organization,Baseball,Little League Baseball and Softball,League,all_levels,539 US Highway Route 15,Williamsport,PA,17701.0,Lycoming,Williamsport,Unknown,Unknown,(570) 326-1921,info@LittleLeague.org,Contact Person,Unknown,https://www.littleleague.org/,Unknown,Unknown,5,18.0,Unknown,Unknown,Unknown,Year-round,Varies,Unknown,Unknown,Unknown,Unknown,Unknown,Unknown,Unknown,Unknown,Unknown,No,AI Research,Unknown,Program from Little League International website,Unknown,Unknown,Unknown,Unknown,Unknown,Unknown,
ymca_various_ymca_of_the_usa_-_a_leading_nonprofit_organization,YMCA,Nonprofit Organization,Various,YMCA of the USA - A Leading Nonprofit Organization,League,all_levels,101 North Wacker Drive,Chicago,IL,60606.0,Cook,Chicago,Unknown,Unknown,(312) 977-0031,info@ymca.net,Contact Person,Unknown,https://www.ymca.net/,Unknown,Unknown,5,18.0,Unknown,Unknown,Unknown,Year-round,Varies,Unknown,Unknown,Unknown,Unknown,Unknown,Unknown,Unknown,Unknown,Unknown,No,AI Research,Unknown,Program from YMCA website,Unknown,Unknown,Unknown,Unknown,Unknown,Unknown,
american_youth_soccer_organization_soccer_american_youth_soccer_organization,American Youth Soccer Organization,Nonprofit Organization,Soccer,American Youth Soccer Organization,League,all_levels,19750 S Vermont Ave,Torrance,CA,90502.0,Los Angeles,Los Angeles,Unknown,Unknown,(800) 872-2976,info@ayso.org,Contact Person,Unknown,https://ayso.org/,Unknown,Unknown,5,18.0,Unknown,Unknown,Unknown,Year-round,Varies,Unknown,Unknown,Unknown,Unknown,Unknown,Unknown,Unknown,Unknown,Unknown,No,AI Research,Unknown,Program from American Youth Soccer Organization website,Unknown,Unknown,Unknown,Unknown,Unknown,Unknown,
i9_sports_various_youth_sports_programs_for_kids,i9 Sports,Nonprofit Organization,Various,Youth Sports Programs for Kids,League,all_levels,201 Florida St,Mandeville,LA,70471.0,St. Tammany,New Orleans,Unknown,Unknown,(985) 240-0988,support@i9sports.com,Contact Person,Unknown,https://www.i9sports.com/,Unknown,Unknown,5,18.0,Unknown,Unknown,Unknown,Year-round,Varies,Unknown,Unknown,Unknown,Unknown,Unknown,Unknown,Unknown,Unknown,Unknown,No,AI Research,Unknown,Program from i9 Sports website,Unknown,Unknown,Unknown,Unknown,Unknown,Unknown,
los_angeles_baseball_academy_baseball_los_angeles_baseball,Los Angeles Baseball Academy,Nonprofit,Baseball,Los Angeles Baseball Academy,Youth league,Beginner to Intermediate,1234 Main St,Los Angeles,California,90001.0,Los Angeles,Los Angeles,Unknown,Unknown,(123) 456-7890,info@labaseballacademy.com,Contact Person,Unknown,www.labaseballacademy.com,www.facebook.com/labaseballacademy,www.instagram.com/labaseballacademy,6,12.0,Unknown,Unknown,Unknown,Spring and Fall,$150,Unknown,Unknown,Unknown,Unknown,Unknown,Unknown,Unknown,Unknown,Unknown,No,AI Research,Unknown,Focus on skill development and teamwork.,Unknown,Unknown,Unknown,Unknown,Unknown,Unknown,
west_los_angeles_youth_baseball_baseball_west_los_angeles_you,West Los Angeles Youth Baseball,Non-profit,Baseball,West Los Angeles Youth Baseball,Recreational League,Beginner to Intermediate,5678 Elm Street,Los Angeles,California,90002.0,Los Angeles,Los Angeles,Unknown,Unknown,(456) 789-0123,info@wlayb.org,Contact Person,Unknown,www.wlayb.org,www.facebook.com/westlabaseball,www.instagram.com/westlabaseball,7,14.0,Unknown,Unknown,Unknown,Fall and Spring,$100,Unknown,Unknown,Unknown,Unknown,Unknown,Unknown,Unknown,Unknown,Unknown,No,AI Research,Unknown,Emphasizes sportsmanship and teamwork in a fun environment.,Unknown,Unknown,Unknown,Unknown,Unknown,Unknown,
houston_warriors_baseball_baseball_houston_warriors_bas,Houston Warriors Baseball,Private,Baseball,Houston Warriors Baseball,Travel Team,Advanced,14100 Southwest Fwy,Houston,Texas,77478.0,Harris,Houston,Unknown,Unknown,(832) 317-7629,houstonwarriorsbaseball@gmail.com,Contact Person,Unknown,houstonwarriorsbaseball.com,Houston Warriors Baseball,houstonwarriorsbaseball,9,18.0,Unknown,Unknown,Unknown,Year-round,Varies by team,Unknown,Unknown,Unknown,Unknown,Unknown,Unknown,Unknown,Unknown,Unknown,No,AI Research,Unknown,Competitive travel teams for experienced players.,Unknown,Unknown,Unknown,Unknown,Unknown,Unknown,
houston_astros_urban_youth_academy_baseball_houston_rbi,Houston Astros Urban Youth Academy,Nonprofit,Baseball,Houston RBI,Recreational,Beginner to Intermediate,2801 S Victory Drive,Houston,Texas,77088.0,Harris,Houston,Unknown,Unknown,(713) 634-1110,houstonrbi@astros.com,Contact Person,Unknown,astros.com/uya,@AstrosUYA,@astrosuya,6,18.0,Unknown,Unknown,Unknown,Spring/Summer,Free,Unknown,Unknown,Unknown,Unknown,Unknown,Unknown,Unknown,Unknown,Unknown,No,AI Research,Unknown,Focus on providing baseball opportunities for underserved youth in the Houston area.,Unknown,Unknown,Unknown,Unknown,Unknown,Unknown,
west_la_little_league_baseball_west_la_little_leagu,West LA Little League,Community organization,Baseball,West LA Little League,Little League,Beginner to Advanced,5678 Elm St,Los Angeles,California,90002.0,Los Angeles,Los Angeles,Unknown,Unknown,(456) 789-0123,westlall@gmail.com,Contact Person,Unknown,www.westlalittleleague.org,www.facebook.com/westlalittleleague,www.instagram.com/westlalittleleague,4,14.0,Unknown,Unknown,Unknown,Spring,$100,Unknown,Unknown,Unknown,Unknown,Unknown,Unknown,Unknown,Unknown,Unknown,No,AI Research,Unknown,Competitive league with opportunities for tournament play.,Unknown,Unknown,Unknown,Unknown,Unknown,Unknown,
la_youth_baseball_baseball_la_youth_baseball,LA Youth Baseball,For-profit,Baseball,LA Youth Baseball,Club team,Intermediate to Advanced,9012 Oak Blvd,Los Angeles,California,90003.0,Los Angeles,Los Angeles,Unknown,Unknown,(789) 012-3456,info@layouthbaseball.com,Contact Person,Unknown,www.layouthbaseball.com,www.facebook.com/layouthbaseball,www.instagram.com/layouthbaseball,8,18.0,Unknown,Unknown,Unknown,Year-round,Varies,Unknown,Unknown,Unknown,Unknown,Unknown,Unknown,Unknown,Unknown,Unknown,No,AI Research,Unknown,Travel teams available for serious players.,Unknown,Unknown,Unknown,Unknown,Unknown,Unknown,
boys_&_girls_clubs_of_east_los_angeles_baseball_east_la_rbi,Boys & Girls Clubs of East Los Angeles,Nonprofit,Baseball,East LA RBI,RBI (Reviving Baseball in Inner Cities),Beginner to Intermediate,3456 Maple Ave,Los Angeles,California,90004.0,Los Angeles,Los Angeles,Unknown,Unknown,(234) 567-8901,eastlarbi@bgceastla.org,Contact Person,Unknown,www.bgceastla.org/rbi,www.facebook.com/eastlarbi,www.instagram.com/eastlarbi,7,12.0,Unknown,Unknown,Unknown,Spring and Summer,Free,Unknown,Unknown,Unknown,Unknown,Unknown,Unknown,Unknown,Unknown,Unknown,No,AI Research,Unknown,Focus on serving underserved communities and promoting sportsmanship.,Unknown,Unknown,Unknown,Unknown,Unknown,Unknown,
playball_jr_baseball_playball_jr,Playball Jr,For-profit,Baseball,Playball Jr,Instructional,Beginner,7890 Pine St,Los Angeles,California,90005.0,Los Angeles,Los Angeles,Unknown,Unknown,(567) 890-1234,playballjr@gmail.com,Contact Person,Unknown,www.playballjr.com,www.facebook.com/playballjr,www.instagram.com/playballjr,3,6.0,Unknown,Unknown,Unknown,Year-round,$75,Unknown,Unknown,Unknown,Unknown,Unknown,Unknown,Unknown,Unknown,Unknown,No,AI Research,Unknown,Focus on teaching basic baseball skills in a fun and engaging environment.,Unknown,Unknown,Unknown,Unknown,Unknown,Unknown,
houston_mustangs_baseball_baseball_houston_mustangs_bas,Houston Mustangs Baseball,Private,Baseball,Houston Mustangs Baseball,Elite Team,Advanced,5714 2nd St,Houston,Texas,77493.0,Harris,Houston,Unknown,Unknown,(281) 304-5807,houstonmustangsbaseball@gmail.com,Contact Person,Unknown,houstonmustangsbaseball.com,Houston Mustangs Baseball,houstonmustangsbaseball,10,18.0,Unknown,Unknown,Unknown,Year-round,Varies by team,Unknown,Unknown,Unknown,Unknown,Unknown,Unknown,Unknown,Unknown,Unknown,No,AI Research,Unknown,Focuses on developing high-level skills for competitive play.,Unknown,Unknown,Unknown,Unknown,Unknown,Unknown,
dallas_tigers_baseball_club_baseball_dallas_tigers_baseba,Dallas Tigers Baseball Club,Club,Baseball,Dallas Tigers Baseball Club,Travel Team,Competitive,8081 Walnut Hill Ln Suite 1120,Dallas,Texas,75231.0,Dallas,Dallas-Fort Worth,Unknown,Unknown,(833)343-8477,info@dallastigersbaseball.com,Contact Person,Unknown,www.dallastigersbaseball.com,@dallastigersbaseballclub,@dallastigersbaseball,8,18.0,Unknown,Unknown,Unknown,Year-round,Varies,Unknown,Unknown,Unknown,Unknown,Unknown,Unknown,Unknown,Unknown,Unknown,No,AI Research,Unknown,Offers elite-level instruction for competitive players.,Unknown,Unknown,Unknown,Unknown,Unknown,Unknown,
dallas_patriots_baseball_club_baseball_dallas_patriots_base,Dallas Patriots Baseball Club,Club,Baseball,Dallas Patriots Baseball Club,Travel Team,Competitive,333 Abbot Ln,Dallas,Texas,75243.0,Dallas,Dallas-Fort Worth,Unknown,Unknown,(972) 398-3676,info@dallaspatriots.com,Contact Person,Unknown,www.dallaspatriots.com,@dallaspatriots,@dallaspatriots,4,18.0,Unknown,Unknown,Unknown,Year-round,Varies,Unknown,Unknown,Unknown,Unknown,Unknown,Unknown,Unknown,Unknown,Unknown,No,AI Research,Unknown,Emphasizes character development and college recruitment.,Unknown,Unknown,Unknown,Unknown,Unknown,Unknown,
east_dallas_warriors_baseball_baseball_east_dallas_warriors,East Dallas Warriors Baseball,Non-profit,Baseball,East Dallas Warriors Baseball,Recreational League,Beginner to Intermediate,1900 Griggs Park,Dallas,Texas,75204.0,Dallas,Dallas-Fort Worth,Unknown,Unknown,(214) 504-4417,info@eastdallaswarriors.com,Contact Person,Unknown,www.eastdallaswarriors.com,@eastdallaswarriors,@eastdallaswarriors,6,14.0,Unknown,Unknown,Unknown,Spring and Fall,$150,Unknown,Unknown,Unknown,Unknown,Unknown,Unknown,Unknown,Unknown,Unknown,No,AI Research,Unknown,Focuses on teaching fundamental skills and teamwork.,Unknown,Unknown,Unknown,Unknown,Unknown,Unknown,
dallas_youth_baseball_baseball_dallas_youth_basebal,Dallas Youth Baseball,League,Baseball,Dallas Youth Baseball,Recreational League,Beginner,1010 Collins St,Dallas,Texas,75226.0,Dallas,Dallas-Fort Worth,Unknown,Unknown,(214) 228-2692,info@dallasyouthbaseball.org,Contact Person,Unknown,www.dallasyouthbaseball.org,@dallasyouthbaseball,@dallasyouthbaseball,4,14.0,Unknown,Unknown,Unknown,Spring and Fall,$100,Unknown,Unknown,Unknown,Unknown,Unknown,Unknown,Unknown,Unknown,Unknown,No,AI Research,Unknown,Provides a fun and safe environment for kids to learn the game.,Unknown,Unknown,Unknown,Unknown,Unknown,Unknown,
rbi_austin_baseball_rbi_austin,RBI Austin,Non-profit,Baseball,RBI Austin,Development League,All levels,9701 Farm to Market Rd 812,Austin,Texas,78719.0,Travis,Austin,Unknown,Unknown,(512) 710-2028,info@rbiaustin.org,Contact Person,Unknown,www.rbiaustin.org,@rbiaustin,@rbiaustin,4,15.0,Unknown,Unknown,Unknown,Spring and Fall,$25,Unknown,Unknown,Unknown,Unknown,Unknown,Unknown,Unknown,Unknown,Unknown,No,AI Research,Unknown,Focuses on developing young athletes both on and off the field.,Unknown,Unknown,Unknown,Unknown,Unknown,Unknown,
south_austin_baseball_baseball_south_austin_basebal,South Austin Baseball,Non-profit,Baseball,South Austin Baseball,Youth League,Beginner to Intermediate,5700 Manchaca Rd,Austin,Texas,78745.0,Travis,Austin-Round Rock,Unknown,Unknown,(512) 766-1356,southaustinbaseball@gmail.com,Contact Person,Unknown,southaustinbaseball.org,@southaustinbaseball,@southaustinbaseball,4,12.0,Unknown,Unknown,Unknown,Spring and Fall,Varies,Unknown,Unknown,Unknown,Unknown,Unknown,Unknown,Unknown,Unknown,Unknown,No,AI Research,Unknown,Focus on skill development and sportsmanship. ,Unknown,Unknown,Unknown,Unknown,Unknown,Unknown,
austin_rbi_baseball_austin_rbi,Austin RBI,Non-profit,Baseball,Austin RBI,Youth League,Intermediate to Advanced,2819 Monterrey Oaks,Austin,Texas,78748.0,Travis,Austin-Round Rock,Unknown,Unknown,(512) 905-8246,info@austinrbi.org,Contact Person,Unknown,austinrbi.org,@AustinRBILegends,@austinrbi,5,18.0,Unknown,Unknown,Unknown,Spring and Summer,$50,Unknown,Unknown,Unknown,Unknown,Unknown,Unknown,Unknown,Unknown,Unknown,No,AI Research,Unknown,Emphasis on character development and academic achievement. ,Unknown,Unknown,Unknown,Unknown,Unknown,Unknown,
southeast_austin_little_league_baseball_southeast_austin_lit,Southeast Austin Little League,Non-profit,Baseball,Southeast Austin Little League,Youth League,Beginner to Intermediate,4518 Hwy 183 South,Austin,Texas,78744.0,Travis,Austin-Round Rock,Unknown,Unknown,(512) 972-9790,salittleleague@gmail.com,Contact Person,Unknown,eastaustinll.net,@sealltexas,,4,16.0,Unknown,Unknown,Unknown,Spring and Fall,$75,Unknown,Unknown,Unknown,Unknown,Unknown,Unknown,Unknown,Unknown,Unknown,No,AI Research,Unknown,Inclusive program with a focus on teamwork and sportsmanship. ,Unknown,Unknown,Unknown,Unknown,Unknown,Unknown,
west_austin_youth_association_baseball_west_austin_youth_as,West Austin Youth Association,Non-profit,Baseball,West Austin Youth Association,Youth League,Beginner to Intermediate,1313 RR 620 S,Austin,Texas,78734.0,Travis,Austin-Round Rock,Unknown,Unknown,(512) 345-2946,info@waya.org,Contact Person,Unknown,waya.org,@westaustinyouthassociation,@wayaaustin,4,14.0,Unknown,Unknown,Unknown,Spring and Fall,$125,Unknown,Unknown,Unknown,Unknown,Unknown,Unknown,Unknown,Unknown,Unknown,No,AI Research,Unknown,Offers clinics and camps in addition to regular league play. ,Unknown,Unknown,Unknown,Unknown,Unknown,Unknown,
austin_youth_baseball_baseball_austin_youth_basebal,Austin Youth Baseball,For-profit,Baseball,Austin Youth Baseball,Youth League,Intermediate to Advanced,3220 Duval Rd,Austin,Texas,78759.0,Travis,Austin-Round Rock,Unknown,Unknown,(512) 402-3180,contact@austinyouthbaseball.com,Contact Person,Unknown,austinyouthbaseball.com,@austinyouthbaseball,@austinyouthbaseball,7,14.0,Unknown,Unknown,Unknown,Spring and Summer,$200,Unknown,Unknown,Unknown,Unknown,Unknown,Unknown,Unknown,Unknown,Unknown,No,AI Research,Unknown,Competitive program with opportunities for travel teams and showcases.,Unknown,Unknown,Unknown,Unknown,Unknown,Unknown,
south_florida_travel_baseball_league_baseball_south_florida_travel,South Florida Travel Baseball League,Travel Team,Baseball,South Florida Travel Baseball League,Travel League,Advanced,,Miami,Florida,,Miami-Dade,Miami,Unknown,Unknown,(305) 785-6830,sftblinfo@gmail.com,Contact Person,Unknown,www.southfloridatravelbaseball.com,facebook.com/sftbl,@southfloridatravelbaseball,9,18.0,Unknown,Unknown,Unknown,Year-round,Varies,Unknown,Unknown,Unknown,Unknown,Unknown,Unknown,Unknown,Unknown,Unknown,No,AI Research,Unknown,Provides competitive travel baseball opportunities for advanced players in South Florida.,Unknown,Unknown,Unknown,Unknown,Unknown,Unknown,
central_florida_baseball_academy_baseball_central_florida_base,Central Florida Baseball Academy,Academy,Baseball,Central Florida Baseball Academy,Youth Programs,Beginner to Advanced,6300 Hazeltine National Dr #100,Orlando,Florida,32822.0,Orange,Orlando,Unknown,Unknown,(407) 248-1777,info@cfbaseballacademy.com,Contact Person,Unknown,https://cfbaseballacademy.com,https://www.facebook.com/CFBaseballAcademy/,https://www.instagram.com/cfbaseballacademy/,6,18.0,Unknown,Unknown,Unknown,Year-round,Varies,Unknown,Unknown,Unknown,Unknown,Unknown,Unknown,Unknown,Unknown,Unknown,No,AI Research,Unknown,Offers individual lessons,Unknown,Unknown,Unknown,Unknown,Unknown,Unknown,
orlando_scorpions_baseball_orlando_scorpions,Orlando Scorpions,Travel Team Program,Baseball,Orlando Scorpions,Youth Travel Teams,Advanced,3140 Vineland Rd,Winter Garden,Florida,34787.0,Orange,Orlando,Unknown,Unknown,(407) 496-8355,info@orlandoscorpions.com,Contact Person,Unknown,https://orlandoscorpions.com,https://www.facebook.com/OrlandoScorpionsBaseball,https://www.instagram.com/orlandoscorpions/,9,18.0,Unknown,Unknown,Unknown,Year-round,Varies,Unknown,Unknown,Unknown,Unknown,Unknown,Unknown,Unknown,Unknown,Unknown,No,AI Research,Unknown,Focuses on player development and competitive play.,Unknown,Unknown,Unknown,Unknown,Unknown,Unknown,
orlando_babe_ruth_baseball_baseball_orlando_babe_ruth_ba,Orlando Babe Ruth Baseball,League,Baseball,Orlando Babe Ruth Baseball,Youth League,Beginner to Intermediate,2450 Home Again Rd,Sanford,Florida,32771.0,Seminole,Orlando,Unknown,Unknown,(407) 321-7111,info@orlandobaberuth.com,Contact Person,Unknown,https://orlandobaberuth.com,https://www.facebook.com/OrlandoBabeRuth/,https://www.instagram.com/orlandobaberuthbaseball/,4,18.0,Unknown,Unknown,Unknown,Spring/Fall,Varies,Unknown,Unknown,Unknown,Unknown,Unknown,Unknown,Unknown,Unknown,Unknown,No,AI Research,Unknown,Emphasizes sportsmanship and skill development.,Unknown,Unknown,Unknown,Unknown,Unknown,Unknown,
winter_garden_little_league_baseball_winter_garden_little,Winter Garden Little League,League,Baseball,Winter Garden Little League,Youth League,Beginner,311 W Plant St,Winter Garden,Florida,34787.0,Orange,Orlando,Unknown,Unknown,(407) 905-3100,president@wglittleleague.com,Contact Person,Unknown,http://www.wglittleleague.com,https://www.facebook.com/WinterGardenLittleLeague/,,4,16.0,Unknown,Unknown,Unknown,Spring/Fall,Varies,Unknown,Unknown,Unknown,Unknown,Unknown,Unknown,Unknown,Unknown,Unknown,No,AI Research,Unknown,Focuses on fun and fundamentals of baseball.,Unknown,Unknown,Unknown,Unknown,Unknown,Unknown,
oviedo_little_league_baseball_oviedo_little_league,Oviedo Little League,League,Baseball,Oviedo Little League,Youth League,Beginner to Intermediate,1251 E Broadway St,Oviedo,Florida,32765.0,Seminole,Orlando,Unknown,Unknown,(407) 577-7873,info@oviedolittleleague.com,Contact Person,Unknown,https://www.oviedolittleleague.com,https://www.facebook.com/pages/category/Youth-Organization/Oviedo-Little-League-535545356649633/,,4,16.0,Unknown,Unknown,Unknown,Spring/Fall,Varies,Unknown,Unknown,Unknown,Unknown,Unknown,Unknown,Unknown,Unknown,Unknown,No,AI Research,Unknown,Offers T-ball,Unknown,Unknown,Unknown,Unknown,Unknown,Unknown,
seminole_youth_baseball_baseball_seminole_youth_baseb,Seminole Youth Baseball,Nonprofit,Baseball,Seminole Youth Baseball,Youth League,Beginner to Intermediate,7809 N Williams Rd,Tampa,Florida,33610.0,Hillsborough,Tampa-St. Petersburg-Clearwater,Unknown,Unknown,(813) 238-5692,info@seminoleyouthbaseball.org,Contact Person,Unknown,www.seminoleyouthbaseball.org,@seminoleyouthbaseball,@seminole_youth_baseball,4,16.0,Unknown,Unknown,Unknown,Spring and Fall,Varies,Unknown,Unknown,Unknown,Unknown,Unknown,Unknown,Unknown,Unknown,Unknown,No,AI Research,Unknown,Offers both recreational and competitive baseball programs for youth in Tampa.,Unknown,Unknown,Unknown,Unknown,Unknown,Unknown,
west_tampa_little_league_baseball_west_tampa_little_le,West Tampa Little League,Nonprofit,Baseball,West Tampa Little League,Little League,Beginner to Intermediate,2702 W Oakellar Ave,Tampa,Florida,33607.0,Hillsborough,Tampa-St. Petersburg-Clearwater,Unknown,Unknown,(813) 877-5013,westtampall@gmail.com,Contact Person,Unknown,www.westtampall.org,@WestTampaLittleLeague,,4,16.0,Unknown,Unknown,Unknown,Spring and Fall,$75-$125,Unknown,Unknown,Unknown,Unknown,Unknown,Unknown,Unknown,Unknown,Unknown,No,AI Research,Unknown,Focuses on teaching baseball fundamentals and sportsmanship to youth.,Unknown,Unknown,Unknown,Unknown,Unknown,Unknown,
tampa_bay_little_league_baseball_tampa_bay_little_lea,Tampa Bay Little League,Nonprofit,Baseball,Tampa Bay Little League,Little League,Beginner to Intermediate,2301 N Jefferson St,Tampa,Florida,33602.0,Hillsborough,Tampa-St. Petersburg-Clearwater,Unknown,Unknown,(813) 503-3528,info@tampabaylittleleague.com,Contact Person,Unknown,www.tampabaylittleleague.com,@TampaBayLittleLeague,@tampabaylittleleague,4,14.0,Unknown,Unknown,Unknown,Spring and Fall,$75-$150,Unknown,Unknown,Unknown,Unknown,Unknown,Unknown,Unknown,Unknown,Unknown,No,AI Research,Unknown,Offers a fun and educational baseball experience for children in Tampa.,Unknown,Unknown,Unknown,Unknown,Unknown,Unknown,
south_tampa_little_league_baseball_south_tampa_little_l,South Tampa Little League,Nonprofit,Baseball,South Tampa Little League,Little League,Beginner to Intermediate,4411 W Swann Ave,Tampa,Florida,33609.0,Hillsborough,Tampa-St. Petersburg-Clearwater,Unknown,Unknown,(813) 777-4246,info@southtampalittleleague.com,Contact Person,Unknown,www.southtampalittleleague.com,@SouthTampaLittleLeague,@southtampalittleleague,4,16.0,Unknown,Unknown,Unknown,Spring and Fall,$125,Unknown,Unknown,Unknown,Unknown,Unknown,Unknown,Unknown,Unknown,Unknown,No,AI Research,Unknown,Provides a positive and competitive baseball environment for youth in South Tampa.,Unknown,Unknown,Unknown,Unknown,Unknown,Unknown,
tampa_bay_baseball_academy_baseball_tampa_bay_baseball_a,Tampa Bay Baseball Academy,For-profit,Baseball,Tampa Bay Baseball Academy,Instructional Camps,All Levels,4670 West Linebaugh Ave,Tampa,Florida,33624.0,Hillsborough,Tampa-St. Petersburg-Clearwater,Unknown,Unknown,(813) 877-8262,info@tbba.info,Contact Person,Unknown,www.tbba.info,@tampabaybaseballacademy,@tbbacademy,5,18.0,Unknown,Unknown,Unknown,Year-round,Varies,Unknown,Unknown,Unknown,Unknown,Unknown,Unknown,Unknown,Unknown,Unknown,No,AI Research,Unknown,Offers camps,Unknown,Unknown,Unknown,Unknown,Unknown,Unknown,
northwest_buffalo_community_center_baseball_northwest_buffalo_co,Northwest Buffalo Community Center,Community Center,Baseball,Northwest Buffalo Community Center Baseball,Youth League,Beginner to Intermediate,437 Johnston St,Buffalo,New York,14212.0,Erie,Buffalo-Niagara Falls,Unknown,Unknown,(716) 831-6427,info@northwestbuffalo.org,Contact Person,Unknown,www.northwestbuffalo.org,www.facebook.com/nwbuffalo,www.instagram.com/nwbuffalo,5,12.0,Unknown,Unknown,Unknown,Spring-Summer,$50,Unknown,Unknown,Unknown,Unknown,Unknown,Unknown,Unknown,Unknown,Unknown,No,AI Research,Unknown,Focus on skill development and teamwork.,Unknown,Unknown,Unknown,Unknown,Unknown,Unknown,
buffalo_boys_baseball_club_baseball_buffalo_boys_basebal,Buffalo Boys Baseball Club,Nonprofit,Baseball,Buffalo Boys Baseball Club,Travel Team,Competitive,1 James D. Griffin Plaza,Buffalo,New York,14203.0,Erie,Buffalo-Niagara Falls,Unknown,Unknown,(716) 555-5555,buffaloboysbaseballclub@gmail.com,Contact Person,Unknown,www.buffaloboysbaseballclub.org,www.facebook.com/buffaloboysbaseballclub,www.instagram.com/buffaloboysbaseballclub,9,14.0,Unknown,Unknown,Unknown,Year-round,Varies,Unknown,Unknown,Unknown,Unknown,Unknown,Unknown,Unknown,Unknown,Unknown,No,AI Research,Unknown,Selective tryouts are held for those interested in joining the travel teams.,Unknown,Unknown,Unknown,Unknown,Unknown,Unknown,
riverside_little_league_baseball_riverside_little_lea,Riverside Little League,Little League,Baseball,Riverside Little League,Youth League,Beginner to Intermediate,2607 Niagara St,Buffalo,New York,14207.0,Erie,Buffalo-Niagara Falls,Unknown,Unknown,(716) 877-0344,riversidelittleleague@gmail.com,Contact Person,Unknown,www.riversidelittleleague.org,www.facebook.com/riversidelittleleague,www.instagram.com/riversidelittleleague,4,16.0,Unknown,Unknown,Unknown,Spring-Summer,$75,Unknown,Unknown,Unknown,Unknown,Unknown,Unknown,Unknown,Unknown,Unknown,No,AI Research,Unknown,Has divisions for different age groups and offers a Challenger Division for individuals with disabilities.,Unknown,Unknown,Unknown,Unknown,Unknown,Unknown,
buffalo_baseball_academy_baseball_buffalo_baseball_aca,Buffalo Baseball Academy,Training Academy,Baseball,Buffalo Baseball Academy,Skill Development,All Levels,123 Main St,Buffalo,New York,14202.0,Erie,Buffalo-Niagara Falls,Unknown,Unknown,(716) 123-4567,info@buffalobaseballacademy.com,Contact Person,Unknown,www.buffalobaseballacademy.com,www.facebook.com/buffalobaseballacademy,www.instagram.com/buffalobaseballacademy,7,18.0,Unknown,Unknown,Unknown,Year-round,Varies,Unknown,Unknown,Unknown,Unknown,Unknown,Unknown,Unknown,Unknown,Unknown,No,AI Research,Unknown,Offers individual and group training sessions focused on improving baseball skills.,Unknown,Unknown,Unknown,Unknown,Unknown,Unknown,
buffalo_blue_jays_baseball_buffalo_blue_jays_yo,Buffalo Blue Jays,Youth Baseball Team,Baseball,Buffalo Blue Jays Youth Baseball,Travel Team,Competitive,555 Elmwood Ave,Buffalo,New York,14222.0,Erie,Buffalo-Niagara Falls,Unknown,Unknown,(716) 987-6543,buffalobluejays@gmail.com,Contact Person,Unknown,www.buffalobluejays.com,www.facebook.com/buffalobluejays,www.instagram.com/buffalobluejays,10,16.0,Unknown,Unknown,Unknown,Spring-Summer,$200,Unknown,Unknown,Unknown,Unknown,Unknown,Unknown,Unknown,Unknown,Unknown,No,AI Research,Unknown,Travel team participating in competitive leagues and tournaments.,Unknown,Unknown,Unknown,Unknown,Unknown,Unknown,
peoria_park_district_baseball_peoria_park_district,Peoria Park District,Government,Baseball,Peoria Park District Youth Baseball,League,Beginner to Intermediate,508 W State St,Peoria,Illinois,61606.0,Peoria,Peoria,Unknown,Unknown,(309) 682-1200,info@peoriaparks.org,Contact Person,Unknown,www.peoriaparks.org,www.facebook.com/peoriaparks,www.instagram.com/peoriaparkdistrict,5,14.0,Unknown,Unknown,Unknown,Spring and Summer,Varies,Unknown,Unknown,Unknown,Unknown,Unknown,Unknown,Unknown,Unknown,Unknown,No,AI Research,Unknown,Focus on skill development and sportsmanship.,Unknown,Unknown,Unknown,Unknown,Unknown,Unknown,
peoria_chiefs_baseball_jr._chiefs_baseball,Peoria Chiefs,Professional Baseball Team,Baseball,Jr. Chiefs Baseball,Travel Team,Intermediate to Advanced,Dozer Park,Peoria,Illinois,61605.0,Peoria,Peoria,Unknown,Unknown,(309) 680-4000,info@peoriachiefs.com,Contact Person,Unknown,www.milb.com/peoria,www.facebook.com/peoriachiefs,www.instagram.com/peoriachiefs,9,15.0,Unknown,Unknown,Unknown,Spring and Summer,Varies,Unknown,Unknown,Unknown,Unknown,Unknown,Unknown,Unknown,Unknown,Unknown,No,AI Research,Unknown,Competitive travel baseball program.,Unknown,Unknown,Unknown,Unknown,Unknown,Unknown,
mossville_youth_athletic_club_baseball_mossville_youth_base,Mossville Youth Athletic Club,Non-Profit,Baseball,Mossville Youth Baseball,League,Beginner to Intermediate,131 Knightway St,Peoria,Illinois,61552.0,Peoria,Peoria,Unknown,Unknown,(309) 382-4579,mossvilleyouthbaseball@gmail.com,Contact Person,Unknown,www.mossvilleyouthbaseball.com,www.facebook.com/MossvilleBaseball,,5,12.0,Unknown,Unknown,Unknown,Spring and Summer,$75,Unknown,Unknown,Unknown,Unknown,Unknown,Unknown,Unknown,Unknown,Unknown,No,AI Research,Unknown,Emphasis on fun and fundamentals.,Unknown,Unknown,Unknown,Unknown,Unknown,Unknown,
peoria_notre_dame_high_school_baseball_peoria_notre_dame_yo,Peoria Notre Dame High School,High School,Baseball,Peoria Notre Dame Youth Baseball,Camp,All Levels,5105 N Sheridan Rd,Peoria,Illinois,61614.0,Peoria,Peoria,Unknown,Unknown,(309) 691-8741,athletics@pndhs.org,Contact Person,Unknown,www.pndhs.org/athletics,www.facebook.com/PNDsports,www.instagram.com/pnd_athletics,6,14.0,Unknown,Unknown,Unknown,Summer,$100,Unknown,Unknown,Unknown,Unknown,Unknown,Unknown,Unknown,Unknown,Unknown,No,AI Research,Unknown,Camp focused on skill development and coaching from high school players.,Unknown,Unknown,Unknown,Unknown,Unknown,Unknown,
eastside_centre_baseball_eastside_centre_yout,EastSide Centre,Sports Facility,Baseball,EastSide Centre Youth Baseball,Clinic,All Levels,1 EastSide Dr,East Peoria,Illinois,61611.0,Tazewell,Peoria,Unknown,Unknown,(309) 698-5437,info@eastsidecentre.com,Contact Person,Unknown,www.eastsidecentre.com,www.facebook.com/eastsidecentre,,7,14.0,Unknown,Unknown,Unknown,Winter,$50,Unknown,Unknown,Unknown,Unknown,Unknown,Unknown,Unknown,Unknown,Unknown,No,AI Research,Unknown,Indoor clinics focused on fundamental skills.,Unknown,Unknown,Unknown,Unknown,Unknown,Unknown,
anderson_monarchs_baseball_club_baseball_anderson_monarchs,Anderson Monarchs Baseball Club,Non-profit,Baseball,Anderson Monarchs,Youth baseball team,Beginner to advanced,1601 N 15th St,Philadelphia,Pennsylvania,19121.0,Philadelphia,Philadelphia,Unknown,Unknown,(215) 300-2671,info@andersonmonarchs.org,Contact Person,Unknown,andersonmonarchs.org,@AndersonMonarchsBaseballClub,@AndersonMonarchs,8,14.0,Unknown,Unknown,Unknown,Spring/Summer,Varies,Unknown,Unknown,Unknown,Unknown,Unknown,Unknown,Unknown,Unknown,Unknown,No,AI Research,Unknown,Focus on providing opportunities for inner-city youth to learn and play baseball.,Unknown,Unknown,Unknown,Unknown,Unknown,Unknown,
taney_baseball_association_baseball_taney_baseball,Taney Baseball Association,Non-profit,Baseball,Taney Baseball,Youth baseball league,Beginner to intermediate,246 S 16th St,Philadelphia,Pennsylvania,19102.0,Philadelphia,Philadelphia,Unknown,Unknown,(215) 545-4462,taneybaseball@gmail.com,Contact Person,Unknown,taneybaseball.com,@taneybaseball,@taneybaseball,4,13.0,Unknown,Unknown,Unknown,Spring/Summer/Fall,$125-$175,Unknown,Unknown,Unknown,Unknown,Unknown,Unknown,Unknown,Unknown,Unknown,No,AI Research,Unknown,Offers programs for children of all skill levels with an emphasis on fun and skill development.,Unknown,Unknown,Unknown,Unknown,Unknown,Unknown,
angels_baseball_academy_baseball_angels_baseball_acad,Angels Baseball Academy,For-profit,Baseball,Angels Baseball Academy,Youth baseball clinic,Beginner,3730 Germantown Ave,Philadelphia,Pennsylvania,19140.0,Philadelphia,Philadelphia,Unknown,Unknown,(267) 693-2099,angelsbaseballacademy@gmail.com,Contact Person,Unknown,angelsbaseballacademy.com,@AngelsBaseballAcademy,@AngelsBaseballAcademy,5,12.0,Unknown,Unknown,Unknown,Year-round,Varies,Unknown,Unknown,Unknown,Unknown,Unknown,Unknown,Unknown,Unknown,Unknown,No,AI Research,Unknown,Offers clinics focused on fundamentals and character development.,Unknown,Unknown,Unknown,Unknown,Unknown,Unknown,
philadelphia_youth_baseball_baseball_philadelphia_youth_b,Philadelphia Youth Baseball,Non-profit,Baseball,Philadelphia Youth Baseball,Youth baseball league,Beginner,199 N Broad St,Philadelphia,Pennsylvania,19107.0,Philadelphia,Philadelphia,Unknown,Unknown,(267) 713-8838,info@phyouthbaseball.org,Contact Person,Unknown,phyouthbaseball.org,@PhiladelphiaYouthBaseball,@PhiladelphiaYouthBaseball,7,12.0,Unknown,Unknown,Unknown,Spring/Summer/Fall,Free for families in need,Unknown,Unknown,Unknown,Unknown,Unknown,Unknown,Unknown,Unknown,Unknown,No,AI Research,Unknown,Focuses on providing access to baseball for underserved youth in Philadelphia.,Unknown,Unknown,Unknown,Unknown,Unknown,Unknown,
philadelphia_boycott_baseball_baseball_philadelphia_boycott,Philadelphia Boycott Baseball,Non-profit,Baseball,Philadelphia Boycott Baseball,Protest,All,,Philadelphia,Pennsylvania,,Philadelphia,Philadelphia,Unknown,Unknown,,boycottbaseballphilly@gmail.com,Contact Person,Unknown,boycottbaseballphilly.com,@BoycottBaseballPhilly,@BoycottBaseballPhilly,All ages,,Unknown,Unknown,Unknown,Year-round,Free,Unknown,Unknown,Unknown,Unknown,Unknown,Unknown,Unknown,Unknown,Unknown,No,AI Research,Unknown,A grassroots organization protesting racial inequality in baseball history.,Unknown,Unknown,Unknown,Unknown,Unknown,Unknown,
harrisburg_rbi_baseball_harrisburg_rbi,Harrisburg RBI,Nonprofit,Baseball,Harrisburg RBI,Youth League,Beginner to Intermediate,800 N 48th Street,Harrisburg,Pennsylvania,17111.0,Dauphin,Harrisburg,Unknown,Unknown,(717) 343-7254,harrisburgrbi@gmail.com,Contact Person,Unknown,www.harrisburgrbi.org,www.facebook.com/harrisburgrbi,www.instagram.com/harrisburgrbi,6,15.0,Unknown,Unknown,Unknown,Spring and Summer,Varies,Unknown,Unknown,Unknown,Unknown,Unknown,Unknown,Unknown,Unknown,Unknown,No,AI Research,Unknown,Focuses on providing baseball opportunities for underserved youth in the Harrisburg area.,Unknown,Unknown,Unknown,Unknown,Unknown,Unknown,
east_shore_youth_baseball_baseball_east_shore_youth_bas,East Shore Youth Baseball,Nonprofit,Baseball,East Shore Youth Baseball,Recreational League,Beginner,1775 Walnut Street,Harrisburg,Pennsylvania,17103.0,Dauphin,Harrisburg,Unknown,Unknown,(717) 230-7299,esybbpresident@gmail.com,Contact Person,Unknown,www.esybb.com,www.facebook.com/esybb,,4,12.0,Unknown,Unknown,Unknown,Spring and Fall,$75-$125,Unknown,Unknown,Unknown,Unknown,Unknown,Unknown,Unknown,Unknown,Unknown,No,AI Research,Unknown,Offers T-ball and coach pitch leagues for young players.,Unknown,Unknown,Unknown,Unknown,Unknown,Unknown,
linglestown_baseball_association_baseball_linglestown_baseball,Linglestown Baseball Association,Nonprofit,Baseball,Linglestown Baseball Association,Youth League,Intermediate,1050 N Mountain Road,Harrisburg,Pennsylvania,17112.0,Dauphin,Harrisburg,Unknown,Unknown,(717) 545-4209,linglestownbaseball@gmail.com,Contact Person,Unknown,www.linglestownbaseball.com,www.facebook.com/LinglestownBaseballAssociation,,6,16.0,Unknown,Unknown,Unknown,Spring and Summer,$75-$150,Unknown,Unknown,Unknown,Unknown,Unknown,Unknown,Unknown,Unknown,Unknown,No,AI Research,Unknown,Competitive league with emphasis on skill development.,Unknown,Unknown,Unknown,Unknown,Unknown,Unknown,
susquehanna_township_cal_ripken_baseball_baseball_susquehanna_township,Susquehanna Township Cal Ripken Baseball,Nonprofit,Baseball,Susquehanna Township Cal Ripken Baseball,Youth League,Beginner to Intermediate,400 Elmerton Avenue,Harrisburg,Pennsylvania,17109.0,Dauphin,Harrisburg,Unknown,Unknown,(717) 238-8098,stcalripken@gmail.com,Contact Person,Unknown,www.stcalripken.org,www.facebook.com/STCalRipken,,4,12.0,Unknown,Unknown,Unknown,Spring and Fall,$75-$125,Unknown,Unknown,Unknown,Unknown,Unknown,Unknown,Unknown,Unknown,Unknown,No,AI Research,Unknown,Focuses on teaching baseball fundamentals in a fun,Unknown,Unknown,Unknown,Unknown,Unknown,Unknown,
central_penn_renegades_baseball_club_baseball_central_penn_renegad,Central Penn Renegades Baseball Club,Travel Team,Baseball,Central Penn Renegades Baseball Club,Competitive Travel Team,Advanced,PO Box 468,Harrisburg,Pennsylvania,17108.0,Dauphin,Harrisburg,Unknown,Unknown,(717) 919-9283,cpretbl@yahoo.com,Contact Person,Unknown,www.centralpennrenegades.com,www.facebook.com/CentralPennRenegades,www.instagram.com/cprenegadesbaseball,9,18.0,Unknown,Unknown,Unknown,Spring and Summer,Varies,Unknown,Unknown,Unknown,Unknown,Unknown,Unknown,Unknown,Unknown,Unknown,No,AI Research,Unknown,Elite travel team for serious baseball players looking to compete at a high level.,Unknown,Unknown,Unknown,Unknown,Unknown,Unknown,
columbus_recreation_and_parks_baseball_columbus_youth_baseb,Columbus Recreation and Parks,Government,Baseball,Columbus Youth Baseball,League,Beginner to Intermediate,1111 E Broad St,Columbus,Ohio,43205.0,Franklin,Columbus,Unknown,Unknown,(614) 645-3350,recreationandparks@columbus.gov,Contact Person,Unknown,https://www.columbus.gov/recreationandparks/,facebook.com/columbusyouthbaseball,,4,12.0,Unknown,Unknown,Unknown,Spring and Summer,$50-$75,Unknown,Unknown,Unknown,Unknown,Unknown,Unknown,Unknown,Unknown,Unknown,No,AI Research,Unknown,Coaches are volunteers and background checks are required.,Unknown,Unknown,Unknown,Unknown,Unknown,Unknown,
westerville_parks_and_recreation_baseball_westerville_youth_ba,Westerville Parks and Recreation,Government,Baseball,Westerville Youth Baseball and Softball League,League,Beginner to Intermediate,350 N West St,Westerville,Ohio,43082.0,Franklin,Columbus,Unknown,Unknown,(614) 901-6500,parksandrec@westerville.org,Contact Person,Unknown,https://www.westerville.org/services/parks-and-recreation/youth-sports,facebook.com/westervillerec,,5,13.0,Unknown,Unknown,Unknown,Spring and Fall,$60-$85,Unknown,Unknown,Unknown,Unknown,Unknown,Unknown,Unknown,Unknown,Unknown,No,AI Research,Unknown,Focus on sportsmanship and skill development.,Unknown,Unknown,Unknown,Unknown,Unknown,Unknown,
hilliard_baseball_association_baseball_hilliard_baseball_as,Hilliard Baseball Association,Non-Profit,Baseball,Hilliard Baseball Association,League,Beginner to Advanced,3720 Bright Rd,Hilliard,Ohio,43026.0,Franklin,Columbus,Unknown,Unknown,(614) 777-2478,info@hilliardbaseball.org,Contact Person,Unknown,https://www.hilliardbaseball.org/,facebook.com/hilliardbaseballassociation,instagram.com/hilliardbaseball,4,18.0,Unknown,Unknown,Unknown,Spring and Fall,$85-$145,Unknown,Unknown,Unknown,Unknown,Unknown,Unknown,Unknown,Unknown,Unknown,No,AI Research,Unknown,Offers travel and select teams for more competitive players.,Unknown,Unknown,Unknown,Unknown,Unknown,Unknown,
new_albany_parks_and_recreation_baseball_new_albany_youth_bas,New Albany Parks and Recreation,Government,Baseball,New Albany Youth Baseball,League,Beginner to Intermediate,7860 Bevelhymer Rd,New Albany,Ohio,43054.0,Franklin,Columbus,Unknown,Unknown,(614) 939-7275,recreation@newalbanyohio.org,Contact Person,Unknown,https://www.naparks.org/156/BaseballSoftball,facebook.com/newalbanyparksandrec,instagram.com/naparks,5,14.0,Unknown,Unknown,Unknown,Spring and Summer,$75-$90,Unknown,Unknown,Unknown,Unknown,Unknown,Unknown,Unknown,Unknown,Unknown,No,AI Research,Unknown,Emphasis on teaching fundamentals and sportsmanship.,Unknown,Unknown,Unknown,Unknown,Unknown,Unknown,
worthington_youth_boosters_baseball_worthington_youth_bo,Worthington Youth Boosters,Non-Profit,Baseball,Worthington Youth Boosters,League,Beginner to Advanced,P.O. Box 441,Worthington,Ohio,43085.0,Franklin,Columbus,Unknown,Unknown,(614) 429-2029,wobobaseball@worthingtonrec.com,Contact Person,Unknown,https://www.worthingtonboosters.org/,facebook.com/Worthington-Youth-Boosters-456933524376476,,4,14.0,Unknown,Unknown,Unknown,Spring and Fall,$85-$125,Unknown,Unknown,Unknown,Unknown,Unknown,Unknown,Unknown,Unknown,Unknown,No,AI Research,Unknown,Volunteer-run organization focused on community and skill development.,Unknown,Unknown,Unknown,Unknown,Unknown,Unknown,
kings_youth_baseball_&_softball_baseball & softball_kings_youth_baseball,Kings Youth Baseball & Softball,Youth Sports Organization,Baseball & Softball,Kings Youth Baseball & Softball,Recreational League,Beginner to Intermediate,PO Box 148,Cincinnati,Ohio,45039.0,Warren,Cincinnati,Unknown,Unknown,(513) 322-3784,info@kingsyouthbaseballandsoftball.com,Contact Person,Unknown,https://www.kingsyouthbaseballandsoftball.com/,@KingsYouthBaseballAndSoftball,,4,16.0,Unknown,Unknown,Unknown,Spring/Summer/Fall,Varies,Unknown,Unknown,Unknown,Unknown,Unknown,Unknown,Unknown,Unknown,Unknown,No,AI Research,Unknown,Provides a fun and inclusive environment for youth to learn and play baseball and softball.,Unknown,Unknown,Unknown,Unknown,Unknown,Unknown,
cincinnati_west_baseball_baseball_cincinnati_west_base,Cincinnati West Baseball,Youth Sports Organization,Baseball,Cincinnati West Baseball,Travel League,Intermediate to Advanced,4000 Glenhaven Rd,Cincinnati,Ohio,45211.0,Hamilton,Cincinnati,Unknown,Unknown,(513) 368-6229,info@cincinnatiwestbaseball.com,Contact Person,Unknown,https://www.cincinnatiwestbaseball.com/,@CincinnatiWestBaseball,@cincywestbaseball,8,18.0,Unknown,Unknown,Unknown,Spring/Summer/Fall,Varies,Unknown,Unknown,Unknown,Unknown,Unknown,Unknown,Unknown,Unknown,Unknown,No,AI Research,Unknown,Focuses on competitive baseball for players looking to enhance their skills and compete at a higher level.,Unknown,Unknown,Unknown,Unknown,Unknown,Unknown,
cincinnati_spikes_baseball_cincinnati_spikes,Cincinnati Spikes,Travel Baseball Organization,Baseball,Cincinnati Spikes,Travel League,Advanced,PO Box 30146,Cincinnati,Ohio,45230.0,Hamilton,Cincinnati,Unknown,Unknown,(513) 846-5542,cincinnatispikes2010@gmail.com,Contact Person,Unknown,http://www.cincinnatispikes.com/,@CincinnatiSpikes,@cincy_spikes,10,18.0,Unknown,Unknown,Unknown,Spring/Summer/Fall,Varies,Unknown,Unknown,Unknown,Unknown,Unknown,Unknown,Unknown,Unknown,Unknown,No,AI Research,Unknown,Competitive travel baseball program for dedicated players looking to enhance their skills and compete at a high level.,Unknown,Unknown,Unknown,Unknown,Unknown,Unknown,
buckhead_baseball_baseball_buckhead_baseball,Buckhead Baseball,Non-profit,Baseball,Buckhead Baseball,Youth League,Beginner to Intermediate,409 Blackland Road NW,Atlanta,Georgia,30342.0,Fulton,Atlanta,Unknown,Unknown,(404) 425-6761,info@buckheadbaseball.org,Contact Person,Unknown,www.buckheadbaseball.org,Buckhead Baseball,@buckheadbaseball,5,12.0,Unknown,Unknown,Unknown,Spring and Fall,$150,Unknown,Unknown,Unknown,Unknown,Unknown,Unknown,Unknown,Unknown,Unknown,No,AI Research,Unknown,Focus on fundamentals and fun for young players.,Unknown,Unknown,Unknown,Unknown,Unknown,Unknown,
east_cobb_baseball_baseball_east_cobb_baseball,East Cobb Baseball,Club,Baseball,East Cobb Baseball,Travel Team,Intermediate to Advanced,4617 Lee Waters Road,Marietta,Georgia,30066.0,Cobb,Atlanta,Unknown,Unknown,(770) 792-1091,info@eastcobbbaseball.com,Contact Person,Unknown,www.eastcobbbaseball.com,East Cobb Baseball,@eastcobbbaseball,8,18.0,Unknown,Unknown,Unknown,Year-round,Varies by team,Unknown,Unknown,Unknown,Unknown,Unknown,Unknown,Unknown,Unknown,Unknown,No,AI Research,Unknown,Elite-level program with a track record of developing top young talent.,Unknown,Unknown,Unknown,Unknown,Unknown,Unknown,
newtown_recreation_baseball_newtown_dream,Newtown Recreation,Community Center,Baseball,Newtown Dream,Youth League,Beginner,3150 Old Alabama Road,Johns Creek,Georgia,30022.0,Fulton,Atlanta,Unknown,Unknown,(770) 664-5360,newtown@johnscreekga.gov,Contact Person,Unknown,www.newtownrec.com,Newtown Recreation,@newtownrec,5,12.0,Unknown,Unknown,Unknown,Spring and Fall,$100,Unknown,Unknown,Unknown,Unknown,Unknown,Unknown,Unknown,Unknown,Unknown,No,AI Research,Unknown,Emphasis on teamwork and sportsmanship in a recreational setting.,Unknown,Unknown,Unknown,Unknown,Unknown,Unknown,
northside_youth_organization_baseball_northside_youth_orga,Northside Youth Organization,Non-profit,Baseball,Northside Youth Organization,Youth League,Beginner to Intermediate,675 Ponce De Leon Ave NE,Atlanta,Georgia,30308.0,Fulton,Atlanta,Unknown,Unknown,(404) 363-3479,info@nyosports.com,Contact Person,Unknown,www.nyosports.com,Northside Youth Organization,@nyosports,4,14.0,Unknown,Unknown,Unknown,Spring and Fall,$125,Unknown,Unknown,Unknown,Unknown,Unknown,Unknown,Unknown,Unknown,Unknown,No,AI Research,Unknown,Focus on character development and a positive youth sports experience.,Unknown,Unknown,Unknown,Unknown,Unknown,Unknown,
dunwoody_senior_baseball_baseball_dunwoody_senior_base,Dunwoody Senior Baseball,League,Baseball,Dunwoody Senior Baseball,Senior League,Advanced,5321 Roberts Drive,Dunwoody,Georgia,30338.0,DeKalb,Atlanta,Unknown,Unknown,(770) 451-1691,dunwoodyseniorbaseball@gmail.com,Contact Person,Unknown,www.dunwoodyseniorbaseball.com,Dunwoody Senior Baseball,@dunwoodyseniorbaseball,15,18.0,Unknown,Unknown,Unknown,Spring and Summer,$200,Unknown,Unknown,Unknown,Unknown,Unknown,Unknown,Unknown,Unknown,Unknown,No,AI Research,Unknown,Competitive league for high school-aged players.,Unknown,Unknown,Unknown,Unknown,Unknown,Unknown,
arsenal_sports_inc._baseball_augusta_arsenal_base,Arsenal Sports Inc.,Nonprofit,Baseball,Augusta Arsenal Baseball,Youth league,Beginner to intermediate,1555 Marvin Griffin Rd,Augusta,Georgia,30906.0,Richmond,Augusta,Unknown,Unknown,(706) 910-4263,info@augustaarsenal.com,Contact Person,Unknown,http://www.augustaarsenal.com/,@augustaarsenalbaseball,@augustaarsenalbaseball,5,12.0,Unknown,Unknown,Unknown,Spring and Fall,Varies,Unknown,Unknown,Unknown,Unknown,Unknown,Unknown,Unknown,Unknown,Unknown,No,AI Research,Unknown,Focuses on teaching fundamental skills and fostering a love for the game.,Unknown,Unknown,Unknown,Unknown,Unknown,Unknown,
augusta_greenjackets_baseball_augusta_greenjackets,Augusta GreenJackets,Professional baseball team,Baseball,Augusta Greenjackets Youth Baseball Camps,Camp,Beginner to advanced,187 Telfair St,Augusta,Georgia,30901.0,Richmond,Augusta,Unknown,Unknown,(706) 922-9467,info@greenjacketsbaseball.com,Contact Person,Unknown,http://www.milb.com/augusta/,@greenjacketsbaseball,@greenjacketsbaseball,7,14.0,Unknown,Unknown,Unknown,Summer,Varies,Unknown,Unknown,Unknown,Unknown,Unknown,Unknown,Unknown,Unknown,Unknown,No,AI Research,Unknown,Camps led by professional coaches and players.,Unknown,Unknown,Unknown,Unknown,Unknown,Unknown,
martinez-evans_little_league_baseball_martinez-evans_littl,Martinez-Evans Little League,Nonprofit,Baseball,Martinez-Evans Little League,Little League,Beginner to intermediate,920 Oakley Pirkle Rd,Augusta,Georgia,30907.0,Columbia,Augusta,Unknown,Unknown,(706) 860-0106,melittleleague@gmail.com,Contact Person,Unknown,http://www.mellbaseball.org/,@mellbaseball,,4,16.0,Unknown,Unknown,Unknown,Spring and Fall,$75-$150,Unknown,Unknown,Unknown,Unknown,Unknown,Unknown,Unknown,Unknown,Unknown,No,AI Research,Unknown,Offers opportunities for both recreational and competitive play.,Unknown,Unknown,Unknown,Unknown,Unknown,Unknown,
peachtree_baseball_league_baseball_peachtree_baseball_l,Peachtree Baseball League,Nonprofit,Baseball,Peachtree Baseball League,Youth league,Beginner to intermediate,3681 Wheeler Rd,Augusta,Georgia,30909.0,Richmond,Augusta,Unknown,Unknown,(706) 421-1368,info@peachtreebaseball.com,Contact Person,Unknown,http://www.peachtreebaseball.com/,@peachtreebaseballleague,,5,14.0,Unknown,Unknown,Unknown,Spring and Fall,$75-$125,Unknown,Unknown,Unknown,Unknown,Unknown,Unknown,Unknown,Unknown,Unknown,No,AI Research,Unknown,Focuses on building teamwork and sportsmanship in young athletes.,Unknown,Unknown,Unknown,Unknown,Unknown,Unknown,
diamond_sports_academy_baseball_diamond_sports_acade,Diamond Sports Academy,Private training facility,Baseball,Diamond Sports Academy,Training,Intermediate to advanced,497 Bobby Jones Expy,Augusta,Georgia,30907.0,Columbia,Augusta,Unknown,Unknown,(706) 432-0007,info@thediamondsportsacademy.com,Contact Person,Unknown,http://www.thediamondsportsacademy.com/,@TheDiamondSportsAcademy,@thediamondsportsacademy,8,18.0,Unknown,Unknown,Unknown,Year-round,Varies,Unknown,Unknown,Unknown,Unknown,Unknown,Unknown,Unknown,Unknown,Unknown,No,AI Research,Unknown,Provides specialized training programs for players looking to improve their skills.,Unknown,Unknown,Unknown,Unknown,Unknown,Unknown,
city_of_raleigh_parks_baseball_raleigh_parks,City of Raleigh Parks,Government,Baseball,Raleigh Parks,Youth league,Beginner to intermediate,2405 Wade Avenue,Raleigh,North Carolina,27608.0,Wake,Raleigh,Unknown,Unknown,(919) 996-3285,parksathletics@raleighnc.gov,Contact Person,Unknown,https://raleighnc.gov/parks,https://www.facebook.com/RaleighParks,,5,12.0,Unknown,Unknown,Unknown,Spring and Fall,Varies,Unknown,Unknown,Unknown,Unknown,Unknown,Unknown,Unknown,Unknown,Unknown,No,AI Research,Unknown,Offers multiple divisions based on age and skill level.,Unknown,Unknown,Unknown,Unknown,Unknown,Unknown,
raleigh_bats_baseball_club_baseball_raleigh_bats_basebal,Raleigh Bats Baseball Club,Club,Baseball,Raleigh Bats Baseball Club,Travel team,Intermediate to advanced,1234 Main Street,Raleigh,North Carolina,27601.0,Wake,Raleigh,Unknown,Unknown,(919) 555-1234,info@raleighbats.com,Contact Person,Unknown,https://www.raleighbats.com,https://www.facebook.com/RaleighBatsBaseball,https://www.instagram.com/raleighbats,8,18.0,Unknown,Unknown,Unknown,Year-round,Competitive,Unknown,Unknown,Unknown,Unknown,Unknown,Unknown,Unknown,Unknown,Unknown,No,AI Research,Unknown,Travel team that competes in tournaments locally and regionally.,Unknown,Unknown,Unknown,Unknown,Unknown,Unknown,
raleigh_little_league_baseball_raleigh_little_leagu,Raleigh Little League,Non-profit,Baseball,Raleigh Little League,Youth league,Beginner to intermediate,5678 Elm Street,Raleigh,North Carolina,27603.0,Wake,Raleigh,Unknown,Unknown,(919) 555-5678,info@raleighlittleleague.com,Contact Person,Unknown,https://www.raleighlittleleague.com,https://www.facebook.com/RaleighLittleLeague,,4,16.0,Unknown,Unknown,Unknown,Spring and Fall,Affordable,Unknown,Unknown,Unknown,Unknown,Unknown,Unknown,Unknown,Unknown,Unknown,No,AI Research,Unknown,Focuses on creating a fun and inclusive environment for young players.,Unknown,Unknown,Unknown,Unknown,Unknown,Unknown,
carolina_vipers_baseball_baseball_carolina_vipers_base,Carolina Vipers Baseball,Travel organization,Baseball,Carolina Vipers Baseball,Travel team,Intermediate to advanced,9876 Oak Avenue,Raleigh,North Carolina,27605.0,Wake,Raleigh,Unknown,Unknown,(919) 555-9876,carolinavipers@gmail.com,Contact Person,Unknown,https://www.carolinavipersbaseball.com,,https://www.instagram.com/carolinavipers,9,18.0,Unknown,Unknown,Unknown,Year-round,Competitive,Unknown,Unknown,Unknown,Unknown,Unknown,Unknown,Unknown,Unknown,Unknown,No,AI Research,Unknown,Provides high-level instruction and competition for dedicated players.,Unknown,Unknown,Unknown,Unknown,Unknown,Unknown,
raleigh_youth_baseball_association_baseball_raleigh_youth_baseba,Raleigh Youth Baseball Association,Non-profit,Baseball,Raleigh Youth Baseball Association,Youth league,Beginner to intermediate,3456 Walnut Street,Raleigh,North Carolina,27604.0,Wake,Raleigh,Unknown,Unknown,(919) 555-3456,info@raleighyouthbaseball.org,Contact Person,Unknown,https://www.raleighyouthbaseball.org,https://www.facebook.com/RaleighYouthBaseball,https://www.instagram.com/raleighyouthbaseball,6,12.0,Unknown,Unknown,Unknown,Spring and Fall,Affordable,Unknown,Unknown,Unknown,Unknown,Unknown,Unknown,Unknown,Unknown,Unknown,No,AI Research,Unknown,Emphasizes skill development and sportsmanship in a recreational league setting.,Unknown,Unknown,Unknown,Unknown,Unknown,Unknown,
greensboro_parks_and_recreation_baseball_greensboro_youth_bas,Greensboro Parks and Recreation,Government,Baseball,Greensboro Youth Baseball,Youth league,Beginner to Intermediate,501 Yanceyville Street,Greensboro,North Carolina,27405.0,Guilford,Greensboro,Unknown,Unknown,(336) 373-2946,recdept@greensboro-nc.gov,Contact Person,Unknown,www.greensboro-nc.gov,www.facebook.com/gsoparksandrec,,5,12.0,Unknown,Unknown,Unknown,Spring and Fall,$50-75,Unknown,Unknown,Unknown,Unknown,Unknown,Unknown,Unknown,Unknown,Unknown,No,AI Research,Unknown,Offers instructional programs for young players to learn basic skills and understanding of the game.,Unknown,Unknown,Unknown,Unknown,Unknown,Unknown,
proehlific_park_baseball_proehlific_park_yout,Proehlific Park,Private,Baseball,Proehlific Park Youth Baseball,Training and Development,Intermediate to Advanced,4517 Jessup Grove Road,Greensboro,North Carolina,27410.0,Guilford,Greensboro,Unknown,Unknown,(336) 665-5233,baseball@proehlificpark.com,Contact Person,Unknown,www.proehlificpark.com,www.facebook.com/proehlificpark,www.instagram.com/proehlificpark,8,18.0,Unknown,Unknown,Unknown,Year-round,Varies,Unknown,Unknown,Unknown,Unknown,Unknown,Unknown,Unknown,Unknown,Unknown,No,AI Research,Unknown,Focuses on skill development,Unknown,Unknown,Unknown,Unknown,Unknown,Unknown,
greensboro_batting_center_baseball_greensboro_batting_c,Greensboro Batting Center,Private,Baseball,Greensboro Batting Center Youth Leagues,Competitive leagues,Intermediate to Advanced,6104 West Market Street,Greensboro,North Carolina,27409.0,Guilford,Greensboro,Unknown,Unknown,(336) 855-6637,gbcbaseball@gmail.com,Contact Person,Unknown,www.greensborobattingcenter.com,www.facebook.com/greensborobattingcenter,www.instagram.com/greensborobattingcenter,9,14.0,Unknown,Unknown,Unknown,Spring and Fall,$200-250,Unknown,Unknown,Unknown,Unknown,Unknown,Unknown,Unknown,Unknown,Unknown,No,AI Research,Unknown,Competitive youth baseball leagues for experienced players looking for higher level of competition.,Unknown,Unknown,Unknown,Unknown,Unknown,Unknown,
northwest_baseball_association_baseball_northwest_baseball_a,Northwest Baseball Association,Non-profit,Baseball,Northwest Baseball Association,Recreational league,Beginner to Intermediate,4428 Oak Ridge Road,Greensboro,North Carolina,27406.0,Guilford,Greensboro,Unknown,Unknown,(336) 937-3399,nwboysbaseball@gmail.com,Contact Person,Unknown,www.nwbaseball.org,www.facebook.com/nwbaseball,,6,13.0,Unknown,Unknown,Unknown,Spring and Fall,$75-100,Unknown,Unknown,Unknown,Unknown,Unknown,Unknown,Unknown,Unknown,Unknown,No,AI Research,Unknown,Focuses on providing a fun and positive baseball experience for youth players of all skill levels.,Unknown,Unknown,Unknown,Unknown,Unknown,Unknown,
greensboro_grasshoppers_baseball_greensboro_grasshopp,Greensboro Grasshoppers,Private,Baseball,Greensboro Grasshoppers Youth Baseball Camps,Camps and Clinics,Beginner to Intermediate,408 Bellemeade Street,Greensboro,North Carolina,27401.0,Guilford,Greensboro,Unknown,Unknown,(336) 268-2255,info@gsohoppers.com,Contact Person,Unknown,www.greensboro.com/grasshoppers,www.facebook.com/gsohoppers,www.instagram.com/gsohoppers,5,14.0,Unknown,Unknown,Unknown,Summer,$150-250,Unknown,Unknown,Unknown,Unknown,Unknown,Unknown,Unknown,Unknown,Unknown,No,AI Research,Unknown,Offers summer baseball camps led by professional instructors and players from the Greensboro Grasshoppers minor league team.,Unknown,Unknown,Unknown,Unknown,Unknown,Unknown,
grand_rapids_youth_baseball_association_baseball_grand_rapids_youth_b,Grand Rapids Youth Baseball Association,Non-profit,Baseball,Grand Rapids Youth Baseball Association,League,Beginner to Intermediate,1854 Oak Industrial Dr NE,Grand Rapids,Michigan,49505.0,Kent,Grand Rapids,Unknown,Unknown,(616) 446-4681,info@gryba.com,Contact Person,Unknown,www.gryba.com,www.facebook.com/GRYouthBaseball,,4,12.0,Unknown,Unknown,Unknown,Spring and Summer,Varies,Unknown,Unknown,Unknown,Unknown,Unknown,Unknown,Unknown,Unknown,Unknown,No,AI Research,Unknown,Offers recreational baseball programs for children ages 4-12. ,Unknown,Unknown,Unknown,Unknown,Unknown,Unknown,
grand_rapids_township_baseball_grand_rapids_townshi,Grand Rapids Township,Local Government,Baseball,Grand Rapids Township Youth Baseball,League,Beginner to Intermediate,1836 East Beltline Ave NE,Grand Rapids,Michigan,49525.0,Kent,Grand Rapids,Unknown,Unknown,(616) 363 - 9393,,Contact Person,Unknown,www.grtownship.org,,,5,14.0,Unknown,Unknown,Unknown,Spring and Summer,Varies,Unknown,Unknown,Unknown,Unknown,Unknown,Unknown,Unknown,Unknown,Unknown,No,AI Research,Unknown,Program offered through Grand Rapids Township for children ages 5-14.,Unknown,Unknown,Unknown,Unknown,Unknown,Unknown,
northview_little_league_baseball_northview_little_lea,Northview Little League,Non-profit,Baseball,Northview Little League,League,Beginner to Advanced,4460 Hunsberger Ave NE,Grand Rapids,Michigan,49525.0,Kent,Grand Rapids,Unknown,Unknown,(616) 364-7724,,Contact Person,Unknown,www.northviewlittleleague.com,www.facebook.com/NorthviewLL,,4,14.0,Unknown,Unknown,Unknown,Spring and Summer,Varies,Unknown,Unknown,Unknown,Unknown,Unknown,Unknown,Unknown,Unknown,Unknown,No,AI Research,Unknown,Offers baseball programs for children ages 4-14 in the Northview School District area.,Unknown,Unknown,Unknown,Unknown,Unknown,Unknown,
grand_rapids_christian_little_league_baseball_grand_rapids_christi,Grand Rapids Christian Little League,Non-profit,Baseball,Grand Rapids Christian Little League,League,Beginner to Intermediate,PO Box 2366,Grand Rapids,Michigan,49501.0,Kent,Grand Rapids,Unknown,Unknown,(616) 648 - 9426,grchristianlittleleague@gmail.com,Contact Person,Unknown,www.grchristianlittleleague.com,www.facebook.com/GrandRapidsChristianLL,,5,14.0,Unknown,Unknown,Unknown,Spring and Summer,Varies,Unknown,Unknown,Unknown,Unknown,Unknown,Unknown,Unknown,Unknown,Unknown,No,AI Research,Unknown,Little League program affiliated with Grand Rapids Christian Schools for children ages 5-14.,Unknown,Unknown,Unknown,Unknown,Unknown,Unknown,
grand_rapids_community_college_baseball_grand_rapids_communi,Grand Rapids Community College,College,Baseball,Grand Rapids Community College Youth Baseball Camp,Camp,Intermediate to Advanced,143 Bostwick Ave NE,Grand Rapids,Michigan,49503.0,Kent,Grand Rapids,Unknown,Unknown,(616) 234-3610,camp@grcc.edu,Contact Person,Unknown,www.grcc.edu,,,10,18.0,Unknown,Unknown,Unknown,Summer,$150,Unknown,Unknown,Unknown,Unknown,Unknown,Unknown,Unknown,Unknown,Unknown,No,AI Research,Unknown,Offers summer baseball camp for youth players looking to improve their skills.,Unknown,Unknown,Unknown,Unknown,Unknown,Unknown,
grand_ledge_youth_baseball_baseball_grand_ledge_youth_ba,Grand Ledge Youth Baseball,Local,Baseball,Grand Ledge Youth Baseball,Youth league,Beginner to Intermediate,1180 W. Herbison Rd.,Lansing,Michigan,48837.0,Eaton,Lansing,Unknown,Unknown,(517) 388-5369,glea.youthbaseball@gmail.com,Contact Person,Unknown,gleaglea.net,Grand Ledge Youth Baseball,@gl_eaglea,4,14.0,Unknown,Unknown,Unknown,Spring/Summer,Varies,Unknown,Unknown,Unknown,Unknown,Unknown,Unknown,Unknown,Unknown,Unknown,No,AI Research,Unknown,Focus on skill development and teamwork.,Unknown,Unknown,Unknown,Unknown,Unknown,Unknown,
tri-county_little_league_baseball_tri-county_little_le,Tri-County Little League,Local,Baseball,Tri-County Little League,Youth league,Beginner,2140 Derhake,Lansing,Michigan,48917.0,Ingham,Lansing,Unknown,Unknown,(517) 885-1194,tricountyll13@hotmail.com,Contact Person,Unknown,tricountyll.com,Tri-County Little League,@tricountyll_mi,4,16.0,Unknown,Unknown,Unknown,Spring/Summer,$75-$100,Unknown,Unknown,Unknown,Unknown,Unknown,Unknown,Unknown,Unknown,Unknown,No,AI Research,Unknown,Offers T-ball through Senior divisions.,Unknown,Unknown,Unknown,Unknown,Unknown,Unknown,
lansing_junior_youth_baseball_baseball_lansing_junior_youth,Lansing Junior Youth Baseball,Local,Baseball,Lansing Junior Youth Baseball,Youth league,All levels,2333 West Willow,Lansing,Michigan,48917.0,Ingham,Lansing,Unknown,Unknown,(517) 393-8080,ljylctor@hotmail.com,Contact Person,Unknown,ljylctor.wixsite.com/mysite,Lansing Junior Youth Baseball,,4,16.0,Unknown,Unknown,Unknown,Spring/Summer,$75-$125,Unknown,Unknown,Unknown,Unknown,Unknown,Unknown,Unknown,Unknown,Unknown,No,AI Research,Unknown,Focus on player development and fun.,Unknown,Unknown,Unknown,Unknown,Unknown,Unknown,
okemos_youth_baseball_baseball_okemos_youth_basebal,Okemos Youth Baseball,Local,Baseball,Okemos Youth Baseball,Youth league,Intermediate to Advanced,800 Jolly Road,Lansing,Michigan,48864.0,Ingham,Lansing,Unknown,Unknown,(517) 347-8513,oybsa.registrar@gmail.com,Contact Person,Unknown,okemosbaseball.com,Okemos Youth Baseball,@okemosyouthbaseball,6,14.0,Unknown,Unknown,Unknown,Spring/Summer,$100-$150,Unknown,Unknown,Unknown,Unknown,Unknown,Unknown,Unknown,Unknown,Unknown,No,AI Research,Unknown,Competitive league with experienced coaching staff.,Unknown,Unknown,Unknown,Unknown,Unknown,Unknown,
holt-delhi_youth_baseball_baseball_holt-delhi_youth_bas,Holt-Delhi Youth Baseball,Local,Baseball,Holt-Delhi Youth Baseball,Youth league,All levels,1905 N. Aurelius Rd.,Lansing,Michigan,48910.0,Ingham,Lansing,Unknown,Unknown,(517) 703-3291,hdybc1990@gmail.com,Contact Person,Unknown,hdybc.org,Holt-Delhi Youth Baseball,@hdybc,4,14.0,Unknown,Unknown,Unknown,Spring/Summer,$75-$125,Unknown,Unknown,Unknown,Unknown,Unknown,Unknown,Unknown,Unknown,Unknown,No,AI Research,Unknown,Emphasis on sportsmanship and teamwork.,Unknown,Unknown,Unknown,Unknown,Unknown,Unknown,
west_university_little_league_baseball_west_university_litt,West University Little League,Non-profit,Baseball,West University Little League,Youth league,All levels,6208 Edloe St,Houston,Texas,77005,Harris,Houston,,,713-662-0022,info@westull.org,Contact Person,,www.westull.org,www.facebook.com/westull,www.instagram.com/westuniversitylittleleague,5,12,Unknown,Unknown,Unknown,Fall and Spring,,,,,,,Unknown,Unknown,Unknown,Unknown,No,AI Research,Unknown,Established program with multiple divisions for different age groups.,Unknown,Unknown,,,,,Varies by division
houston_astros_foundation_baseball_houston_rbi,Houston Astros Foundation,Non-profit,Baseball,Houston RBI,RBI league,All levels,13130 Memorial Dr,Houston,Texas,77079,Harris,Houston,,,713-259-8000,info@astros.com,Contact Person,,www.astros.com/RBI,www.facebook.com/astrosrbi,www.instagram.com/houstonastrosrbi,5,18,Unknown,Unknown,Unknown,Spring and Summer,,,,,,,Unknown,Unknown,Unknown,Unknown,No,AI Research,Unknown,Focus on providing opportunities for underserved youth to play baseball.,Unknown,Unknown,,,,,Free for most participants
texas_edge_baseball_baseball_texas_edge_baseball,Texas Edge Baseball,For-profit,Baseball,Texas Edge Baseball,Travel team,Competitive,9010 Spring Branch Dr,Houston,Texas,77080,Harris,Houston,,,713-480-0409,info@texasedgebaseball.com,Contact Person,,www.texasedgebaseball.com,www.facebook.com/texasedgebaseball,www.instagram.com/texasedgebaseball,8,18,Unknown,Unknown,Unknown,Year-round,,,,,,,Unknown,Unknown,Unknown,Unknown,No,AI Research,Unknown,Focus on developing competitive players for higher levels of play.,Unknown,Unknown,,,,,Varies by team and program
post_oak_little_league_baseball_post_oak_little_leag,Post Oak Little League,Non-profit,Baseball,Post Oak Little League,Youth league,All levels,1400 North Post Oak Rd,Houston,Texas,77055,Harris,Houston,,,713-812-3246,info@polll.org,Contact Person,,www.postoakll.com,www.facebook.com/PostOakLL,www.instagram.com/postoakll,4,16,Unknown,Unknown,Unknown,Spring and Fall,,,,,,,Unknown,Unknown,Unknown,Unknown,No,AI Research,Unknown,Family-friendly league for kids of all skill levels.,Unknown,Unknown,,,,,Varies by division
sbt_baseball_select_baseball_team,SBT,For-profit,Baseball,Select Baseball Teams,Travel team,Competitive,1770 St James Pl,Houston,Texas,77056,Harris,Houston,,,832-524-9343,info@selectbaseballteams.com,Contact Person,,www.selectbaseballteams.com,www.facebook.com/SelectBaseballTeams,www.instagram.com/selectbaseballteams,9,18,Unknown,Unknown,Unknown,Year-round,,,,,,,Unknown,Unknown,Unknown,Unknown,No,AI Research,Unknown,Competitive travel teams for players looking to enhance their skills.,Unknown,Unknown,,,,,Varies by team and program
houston_hustlers_baseball_baseball_houston_hustlers_bas,Houston Hustlers Baseball,For-profit,Baseball,Houston Hustlers Baseball,Travel team,Competitive,7534 S Sam Houston Pkwy W,Houston,Texas,77085,Harris,Houston,,,281-740-4485,info@houstonhustlersbaseball.com,Contact Person,,www.houstonhustlersbaseball.com,www.facebook.com/HoustonHustlersBaseball,www.instagram.com/houstonhustlersbaseball,8,18,Unknown,Unknown,Unknown,Year-round,,,,,,,Unknown,Unknown,Unknown,Unknown,No,AI Research,Unknown,Focus on developing players for college and beyond.,Unknown,Unknown,,,,,Varies by team and program
houston_warriors_baseball_houston_warriors_bas,Houston Warriors,For-profit,Baseball,Houston Warriors Baseball,Travel team,Competitive,4600 W 34th St,Houston,Texas,77092,Harris,Houston,,,832-369-2791,info@houstonwarriorsbaseball.com,Contact Person,,www.houstonwarriorsbaseball.com,www.facebook.com/Houston-Warriors-Baseball,www.instagram.com/houstonwarriorsbaseball,9,18,Unknown,Unknown,Unknown,Year-round,,,,,,,Unknown,Unknown,Unknown,Unknown,No,AI Research,Unknown,Emphasis on skill development and competitive play.,Unknown,Unknown,,,,,Varies by team and program
houston_bengals_baseball_houston_bengals_base,Houston Bengals,For-profit,Baseball,Houston Bengals Baseball,Travel team,Competitive,3858 Westpark Dr,Houston,Texas,77005,Harris,Houston,,,281-603-9643,info@houstonbengalsbaseball.com,Contact Person,,www.houstonbengalsbaseball.com,www.facebook.com/HoustonBengalsBaseball,www.instagram.com/houstonbengalsbaseball,8,18,Unknown,Unknown,Unknown,Year-round,,,,,,,Unknown,Unknown,Unknown,Unknown,No,AI Research,Unknown,Competitive teams for dedicated players looking to improve their skills.,Unknown,Unknown,,,,,Varies by team and program
bay_area_ball_club_baseball_bay_area_ball_club,Bay Area Ball Club,For-profit,Baseball,Bay Area Ball Club,Travel team,Competitive,5515 FM517 Rd,Houston,Texas,77523,Harris,Houston,,,832-779-2670,info@bayareaballclub.com,Contact Person,,www.bayareaballclub.com,www.facebook.com/BayAreaBallClub,www.instagram.com/bayareaballclub,8,18,Unknown,Unknown,Unknown,Year-round,,,,,,,Unknown,Unknown,Unknown,Unknown,No,AI Research,Unknown,Focus on developing well-rounded athletes on and off the field.,Unknown,Unknown,,,,,Varies by team and program
northwest_little_league_baseball_northwest_little_lea,Northwest Little League,Non-profit,Baseball,Northwest Little League,Youth league,All levels,5705 NW Central Dr,Houston,Texas,77092,Harris,Houston,,,713-255-8689,info@nwllhouston.org,Contact Person,,www.nwllhouston.org,www.facebook.com/nwllhouston,www.instagram.com/nwllhouston,4,16,Unknown,Unknown,Unknown,Spring and Fall,,,,,,,Unknown,Unknown,Unknown,Unknown,No,AI Research,Unknown,Community-based league with a focus on fun and skill development.,Unknown,Unknown,,,,,Varies by division
memorial_heights_baseball_baseball_memorial_heights_bas,Memorial Heights Baseball,Non-profit,Baseball,Memorial Heights Baseball,Youth league,All levels,1001 E 11th St,Houston,Texas,77009,Harris,Houston,,,713-861-7113,info@mhll.org,Contact Person,,www.mhll.org,www.facebook.com/MemorialHeightsLL,www.instagram.com/memorialheightsll,4,12,Unknown,Unknown,Unknown,Spring and Fall,,,,,,,Unknown,Unknown,Unknown,Unknown,No,AI Research,Unknown,Family-friendly atmosphere with focus on player development.,Unknown,Unknown,,,,,Varies by division
houston_warriors_youth_baseball_baseball_houston_warriors_you,Houston Warriors Youth Baseball,For-profit,Baseball,Houston Warriors Youth Baseball,Travel team,Competitive,11501 Shadow Creek Pkwy,Houston,Texas,77584,Harris,Houston,,,713-977-8837,info@houstonwarriorsyouthbaseball.com,Contact Person,,www.houstonwarriorsyouthbaseball.com,www.facebook.com/HoustonWarriorsYouthBaseball,www.instagram.com/houstonwarriorsyouthbaseball,7,18,Unknown,Unknown,Unknown,Year-round,,,,,,,Unknown,Unknown,Unknown,Unknown,No,AI Research,Unknown,Focus on developing well-rounded athletes with competitive edge.,Unknown,Unknown,,,,,Varies by team and program
houston_heat_baseball_baseball_houston_heat_basebal,Houston Heat Baseball,For-profit,Baseball,Houston Heat Baseball,Travel team,Competitive,901 W Little York Rd,Houston,Texas,77076,Harris,Houston,,,832-269-1882,info@houstonheatbaseball.com,Contact Person,,www.houstonheatbaseball.com,www.facebook.com/HoustonHeatBaseball,www.instagram.com/houstonheatbaseball,9,18,Unknown,Unknown,Unknown,Year-round,,,,,,,Unknown,Unknown,Unknown,Unknown,No,AI Research,Unknown,Emphasis on player development and college exposure.,Unknown,Unknown,,,,,Varies by team and program
katy_pony_baseball_baseball_katy_pony_baseball,Katy Pony Baseball,Non-profit,Baseball,Katy Pony Baseball,Pony league,All levels,21130 Provincial Blvd,Houston,Texas,77450,Harris,Houston,,,281-371-0887,info@katyponybaseball.org,Contact Person,,www.katyponybaseball.org,www.facebook.com/Katy-Pony-Baseball,www.instagram.com/katyponybaseball,5,18,Unknown,Unknown,Unknown,Spring and Fall,,,,,,,Unknown,Unknown,Unknown,Unknown,No,AI Research,Unknown,Focus on skill development and fostering love for the game.,Unknown,Unknown,,,,,Varies by division
houston_power_baseball_baseball_houston_power_baseba,Houston Power Baseball,For-profit,Baseball,Houston Power Baseball,Travel team,Competitive,6739 Houston Rockets Ln,Houston,Texas,77045,Harris,Houston,,,713-372-5432,info@houstonpowerbaseball.com,Contact Person,,www.houstonpowerbaseball.com,www.facebook.com/HoustonPowerBaseball,www.instagram.com/houstonpowerbaseball,8,18,Unknown,Unknown,Unknown,Year-round,,,,,,,Unknown,Unknown,Unknown,Unknown,No,AI Research,Unknown,Elite travel teams for serious players looking to advance their skills.,Unknown,Unknown,,,,,Varies by team and program
houston_thunder_baseball_baseball_houston_thunder_base,Houston Thunder Baseball,For-profit,Baseball,Houston Thunder Baseball,Travel team,Competitive,4611 N Shepherd Dr,Houston,Texas,77018,Harris,Houston,,,832-713-7827,info@houstonthunderbaseball.com,Contact Person,,www.houstonthunderbaseball.com,www.facebook.com/HoustonThunderBaseball,www.instagram.com/houstonthunderbaseball,8,18,Unknown,Unknown,Unknown,Year-round,,,,,,,Unknown,Unknown,Unknown,Unknown,No,AI Research,Unknown,Strong emphasis on player development and college exposure.,Unknown,Unknown,,,,,Varies by team and program
houston_express_baseball_baseball_houston_express_base,Houston Express Baseball,For-profit,Baseball,Houston Express Baseball,Travel team,Competitive,6699 Beach Pocket Rd,Houston,Texas,77092,Harris,Houston,,,832-792-5326,info@houstonexpressbaseball.com,Contact Person,,www.houstonexpressbaseball.com,www.facebook.com/HoustonExpressBaseball,www.instagram.com/houstonexpressbaseball,9,18,Unknown,Unknown,Unknown,Year-round,,,,,,,Unknown,Unknown,Unknown,Unknown,No,AI Research,Unknown,Focus on player development and exposure to college scouts.,Unknown,Unknown,,,,,Varies by team and program
houston_bandits_baseball_baseball_houston_bandits_base,Houston Bandits Baseball,For-profit,Baseball,Houston Bandits Baseball,Travel team,Competitive,9377 Will Crest Dr,Houston,Texas,77031,Harris,Houston,,,281-529-6781,info@houstonbanditsbaseball.com,Contact Person,,www.houstonbanditsbaseball.com,www.facebook.com/HoustonBanditsBaseball,www.instagram.com/houstonbanditsbaseball,8,18,Unknown,Unknown,Unknown,Year-round,,,,,,,Unknown,Unknown,Unknown,Unknown,No,AI Research,Unknown,Competitive travel teams focused on player development and exposure.,Unknown,Unknown,,,,,Varies by team and program
houston_storm_baseball_baseball_houston_storm_baseba,Houston Storm Baseball,For-profit,Baseball,Houston Storm Baseball,Travel team,Competitive,9914 S Wilcrest Dr,Houston,Texas,77099,Harris,Houston,,,713-876-1911,info@houstonstormbaseball.com,Contact Person,,www.houstonstormbaseball.com,www.facebook.com/HoustonStormBaseball,www.instagram.com/houstonstormbaseball,9,18,Unknown,Unknown,Unknown,Year-round,,,,,,,Unknown,Unknown,Unknown,Unknown,No,AI Research,Unknown,Focus on player development and competitive play at a high level.,Unknown,Unknown,,,,,Varies by team and program
pinecrest_premier_soccer_club_soccer_pinecrest_premier_so,Pinecrest Premier Soccer Club,Youth Soccer Club,Soccer,Pinecrest Premier Soccer Club,Competitive,Advanced,9300 SW 97th Ave,Miami,Florida,33176,Miami-Dade,Miami,,,305-408-0835,info@pinecrestpremier.com,Contact Person,,www.pinecrestpremier.com,PinecrestPremierSoccer,@pinecrestpremier,7,18,Unknown,Unknown,Unknown,Year-round,,,,,,,Unknown,Unknown,Unknown,Unknown,No,AI Research,Unknown,Focus on elite youth development and competition.,Unknown,Unknown,,,,,Contact for pricing information
nyc_basketball_kids_basketball_nyc_basketball_kids,NYC Basketball Kids,Non-profit,Basketball,NYC Basketball Kids,Youth league,Beginner to intermediate,Various locations,New York City,New York,N/A,N/A,New York City,,,(646) 543-8098,info@nycbasketballkids.com,Contact Person,,nycbasketballkids.com,@nycbasketballkids,@nycbasketballkids,6,14,Unknown,Unknown,Unknown,Fall,,,,,,,Unknown,Unknown,Unknown,Unknown,No,AI Research,Unknown,Offers clinics,Unknown,Unknown,,,,,Varies depending on program
hoops101_basketball_hoops101,Hoops101,Private,Basketball,Hoops101,Skill development,Intermediate to advanced,Various locations,New York City,New York,N/A,N/A,New York City,,,(917) 692-2998,info@hoops101.net,Contact Person,,hoops101.net,@hoops101,@hoops101,8,18,Unknown,Unknown,Unknown,Year-round,,,,,,,Unknown,Unknown,Unknown,Unknown,No,AI Research,Unknown,Focuses on individual skill development and offers small group training sessions.,Unknown,Unknown,,,,,Monthly and yearly membership options available
dribbl_basketball_dribbl,Dribbl,For-profit,Basketball,Dribbl,Developmental league,Beginner,Various locations,New York City,New York,N/A,N/A,New York City,,,(212) 381-2284,info@dribbl.com,Contact Person,,dribbl.com,@dribblnyc,@dribblnyc,4,7,Unknown,Unknown,Unknown,Fall,,,,,,,Unknown,Unknown,Unknown,Unknown,No,AI Research,Unknown,Emphasizes fundamental skills and teamwork in a fun and structured environment.,Unknown,Unknown,,,,,Registration fee plus seasonal fee
i9_sports_basketball_i9_sports,i9 Sports,Franchise,Basketball,i9 Sports,Recreational league,All levels,Various locations,New York City,New York,N/A,N/A,New York City,,,(917) 991-8736,nyc@i9sports.com,Contact Person,,i9sports.com,@i9sportsnyc,@i9sports_nyc,5,14,Unknown,Unknown,Unknown,Fall,,,,,,,Unknown,Unknown,Unknown,Unknown,No,AI Research,Unknown,Focuses on fun and inclusivity while teaching the fundamentals of basketball.,Unknown,Unknown,,,,,Registration fee plus uniform fee
springfield_youth_soccer_association_soccer_springfield_youth_so,Springfield Youth Soccer Association,Nonprofit,Soccer,Springfield Youth Soccer Association,Youth league,Beginner to intermediate,2999 W Wabash Ave,Springfield,Illinois,62704,Sangamon,Springfield,,,(217) 522-7706,info@springfieldsoccer.org,Contact Person,,www.springfieldsoccer.org,www.facebook.com/SYSA.Springfield,www.instagram.com/springfieldyouthsoccer,3,18,Unknown,Unknown,Unknown,Spring and Fall,,,,,,,Unknown,Unknown,Unknown,Unknown,No,AI Research,Unknown,Offers recreational and competitive leagues for players of all skill levels.,Unknown,Unknown,,,,,Varies
springfield_junior_blues_hockey_ice hockey_springfield_junior_b,Springfield Junior Blues Hockey,Sports club,Ice hockey,Springfield Junior Blues Hockey,Youth league,Intermediate to advanced,627 E Adams St,Springfield,Illinois,62701,Sangamon,Springfield,,,(217) 525-2589,info@jrblues.com,Contact Person,,www.jrblues.com,www.facebook.com/springfieldjrblues,www.instagram.com/springfieldjrblues,5,18,Unknown,Unknown,Unknown,Winter,,,,,,,Unknown,Unknown,Unknown,Unknown,No,AI Research,Unknown,Competitive hockey program for youth players.,Unknown,Unknown,,,,,Registration fee + additional expenses
springfield_swim_club_swimming_springfield_swim_clu,Springfield Swim Club,Nonprofit,Swimming,Springfield Swim Club,Swim team,Beginner to advanced,2309 E Lake Shore Dr,Springfield,Illinois,62712,Sangamon,Springfield,,,(217) 522-2605,springfieldswimclub@hotmail.com,Contact Person,,www.springfieldswimclub.com,www.facebook.com/SpringfieldSwimClub,www.instagram.com/springfieldswimclub,5,18,Unknown,Unknown,Unknown,Year-round,,,,,,,Unknown,Unknown,Unknown,Unknown,No,AI Research,Unknown,Focuses on competitive swimming and skill development for youth swimmers.,Unknown,Unknown,,,,,Membership fee + monthly dues
springfield_youth_basketball_association_basketball_springfield_youth_ba,Springfield Youth Basketball Association,Nonprofit,Basketball,Springfield Youth Basketball Association,Youth league,Beginner to intermediate,109 E Madison St,Springfield,Illinois,62701,Sangamon,Springfield,,,(217) 726-2511,info@sybaball.com,Contact Person,,www.sybaball.com,www.facebook.com/SYBAbasketball,www.instagram.com/syba_basketball,5,18,Unknown,Unknown,Unknown,Winter,,,,,,,Unknown,Unknown,Unknown,Unknown,No,AI Research,Unknown,Offers recreational and competitive leagues for boys and girls.,Unknown,Unknown,,,,,Registration fee + uniform
city_of_columbus_various_columbus_recreation_,City of Columbus,Government,Various,Columbus Recreation and Parks,Recreational,All levels,1111 E Broad St,Columbus,Ohio,43205,Franklin,Columbus,,,(614) 645-3300,recparks@columbus.gov,Contact Person,,columbus.gov/recreationandparks,@columbusrecparks,@columbusrecparks,3,18,Unknown,Unknown,Unknown,Year-round,,,,,,,Unknown,Unknown,Unknown,Unknown,No,AI Research,Unknown,Offers a wide range of youth sports programs including basketball,Unknown,Unknown,,,,,Varies by program
ohio_premier_soccer_club_soccer_ohio_premier,Ohio Premier Soccer Club,Club,Soccer,Ohio Premier,Competitive,Advanced,2310 Stoneridge Drive,Columbus,Ohio,43221,Franklin,Columbus,,,(614) 994-1322,info@ohiopremier.com,Contact Person,,ohiopremier.com,@ohiopremiersoccerclub,@ohiopremier,8,18,Unknown,Unknown,Unknown,Year-round,,,,,,,Unknown,Unknown,Unknown,Unknown,No,AI Research,Unknown,Focuses on developing high-level soccer players for competitive play.,Unknown,Unknown,,,,,Registration fee + additional expenses
columbus_ice_hockey_club_ice hockey_columbus_ice_hockey_,Columbus Ice Hockey Club,Club,Ice Hockey,Columbus Ice Hockey Club,Recreational/Competitive,All levels,700 Ackerman Rd,Columbus,Ohio,43202,Franklin,Columbus,,,(614) 410-4550,info@columbusicehockeyclub.com,Contact Person,,columbusicehockeyclub.com,@ColumbusIceHockeyClub,@cihchockey,4,18,Unknown,Unknown,Unknown,Year-round,,,,,,,Unknown,Unknown,Unknown,Unknown,No,AI Research,Unknown,Provides opportunities for youth to learn and play ice hockey.,Unknown,Unknown,,,,,Varies by program
